/*
 Navicat Premium Data Transfer

 Source Server         : MySQL (Local)
 Source Server Type    : MySQL
 Source Server Version : 80030 (8.0.30)
 Source Host           : localhost:3306
 Source Schema         : rapmafm

 Target Server Type    : MySQL
 Target Server Version : 80030 (8.0.30)
 File Encoding         : 65001

 Date: 20/11/2024 01:33:24
*/

SET NAMES utf8mb4;
SET FOREIGN_KEY_CHECKS = 0;

-- ----------------------------
-- Table structure for actions
-- ----------------------------
DROP TABLE IF EXISTS `actions`;
CREATE TABLE `actions`  (
  `id` bigint UNSIGNED NOT NULL AUTO_INCREMENT,
  `name` varchar(100) CHARACTER SET utf8mb4 COLLATE utf8mb4_unicode_ci NULL DEFAULT NULL,
  `created_at` timestamp NULL DEFAULT NULL,
  `updated_at` timestamp NULL DEFAULT NULL,
  PRIMARY KEY (`id`) USING BTREE
) ENGINE = InnoDB AUTO_INCREMENT = 6 CHARACTER SET = utf8mb4 COLLATE = utf8mb4_unicode_ci ROW_FORMAT = DYNAMIC;

-- ----------------------------
-- Records of actions
-- ----------------------------
INSERT INTO `actions` VALUES (1, 'view', '2024-07-03 00:16:10', NULL);
INSERT INTO `actions` VALUES (2, 'create', '2024-07-03 00:16:10', NULL);
INSERT INTO `actions` VALUES (3, 'update', '2024-07-03 00:16:10', NULL);
INSERT INTO `actions` VALUES (4, 'delete', '2024-07-03 00:16:10', NULL);
INSERT INTO `actions` VALUES (5, 'download', '2024-07-03 00:16:10', NULL);

-- ----------------------------
-- Table structure for events
-- ----------------------------
DROP TABLE IF EXISTS `events`;
CREATE TABLE `events`  (
  `id` int NOT NULL AUTO_INCREMENT,
  `jenis_event` varchar(255) CHARACTER SET utf8mb4 COLLATE utf8mb4_0900_ai_ci NULL DEFAULT NULL,
  `nama_event` varchar(255) CHARACTER SET utf8mb4 COLLATE utf8mb4_0900_ai_ci NULL DEFAULT NULL,
  `tahun` int NULL DEFAULT NULL,
  `filename` varchar(255) CHARACTER SET utf8mb4 COLLATE utf8mb4_0900_ai_ci NULL DEFAULT NULL,
  `path` varchar(255) CHARACTER SET utf8mb4 COLLATE utf8mb4_0900_ai_ci NULL DEFAULT NULL,
  `link` varchar(255) CHARACTER SET utf8mb4 COLLATE utf8mb4_0900_ai_ci NULL DEFAULT NULL,
  `order` int NULL DEFAULT NULL,
  `is_active` tinyint NULL DEFAULT 1,
  `created_at` timestamp NULL DEFAULT NULL,
  `updated_at` timestamp NULL DEFAULT NULL,
  `deleted_at` timestamp NULL DEFAULT NULL,
  PRIMARY KEY (`id`) USING BTREE
) ENGINE = InnoDB AUTO_INCREMENT = 2 CHARACTER SET = utf8mb4 COLLATE = utf8mb4_0900_ai_ci ROW_FORMAT = Dynamic;

-- ----------------------------
-- Records of events
-- ----------------------------
INSERT INTO `events` VALUES (1, 'RAPMADAY', 'RAPMADAY #7', 2021, '1710311715_add3ca2b885fce9fe237.png', '/storage/uploads/events/2021/RAPMADAY/RAPMADAY%20%237/sFAJ40bhNEvzZxgumTqr1rS2jx7p9K0WVMTO9v7K.png', 'https://www.youtube.com/', 1, 1, '2024-11-19 01:56:38', '2024-11-19 11:15:58', NULL);

-- ----------------------------
-- Table structure for failed_jobs
-- ----------------------------
DROP TABLE IF EXISTS `failed_jobs`;
CREATE TABLE `failed_jobs`  (
  `id` bigint UNSIGNED NOT NULL AUTO_INCREMENT,
  `connection` text CHARACTER SET utf8mb4 COLLATE utf8mb4_unicode_ci NOT NULL,
  `queue` text CHARACTER SET utf8mb4 COLLATE utf8mb4_unicode_ci NOT NULL,
  `payload` longtext CHARACTER SET utf8mb4 COLLATE utf8mb4_unicode_ci NOT NULL,
  `exception` longtext CHARACTER SET utf8mb4 COLLATE utf8mb4_unicode_ci NOT NULL,
  `failed_at` timestamp NOT NULL DEFAULT CURRENT_TIMESTAMP,
  PRIMARY KEY (`id`) USING BTREE
) ENGINE = InnoDB CHARACTER SET = utf8mb4 COLLATE = utf8mb4_unicode_ci ROW_FORMAT = DYNAMIC;

-- ----------------------------
-- Records of failed_jobs
-- ----------------------------

-- ----------------------------
-- Table structure for menu_roles
-- ----------------------------
DROP TABLE IF EXISTS `menu_roles`;
CREATE TABLE `menu_roles`  (
  `id` bigint UNSIGNED NOT NULL AUTO_INCREMENT,
  `menu_id` int UNSIGNED NOT NULL,
  `role_id` int UNSIGNED NOT NULL,
  `action_id` int UNSIGNED NOT NULL,
  `is_active` tinyint NOT NULL DEFAULT 1,
  `created_at` timestamp NULL DEFAULT NULL,
  `updated_at` timestamp NULL DEFAULT NULL,
  PRIMARY KEY (`id`) USING BTREE
) ENGINE = InnoDB AUTO_INCREMENT = 1101 CHARACTER SET = utf8mb4 COLLATE = utf8mb4_unicode_ci ROW_FORMAT = DYNAMIC;

-- ----------------------------
-- Records of menu_roles
-- ----------------------------
INSERT INTO `menu_roles` VALUES (1, 1, 1, 1, 1, '2024-07-03 00:16:10', NULL);
INSERT INTO `menu_roles` VALUES (2, 1, 1, 2, 1, '2024-07-03 00:16:10', NULL);
INSERT INTO `menu_roles` VALUES (3, 1, 1, 3, 1, '2024-07-03 00:16:10', NULL);
INSERT INTO `menu_roles` VALUES (4, 1, 1, 4, 1, '2024-07-03 00:16:10', NULL);
INSERT INTO `menu_roles` VALUES (5, 1, 1, 5, 1, '2024-07-03 00:16:10', NULL);
INSERT INTO `menu_roles` VALUES (6, 2, 1, 1, 1, '2024-07-03 00:16:10', NULL);
INSERT INTO `menu_roles` VALUES (7, 2, 1, 2, 1, '2024-07-03 00:16:10', NULL);
INSERT INTO `menu_roles` VALUES (8, 2, 1, 3, 1, '2024-07-03 00:16:10', NULL);
INSERT INTO `menu_roles` VALUES (9, 2, 1, 4, 1, '2024-07-03 00:16:10', NULL);
INSERT INTO `menu_roles` VALUES (10, 2, 1, 5, 1, '2024-07-03 00:16:10', NULL);
INSERT INTO `menu_roles` VALUES (11, 3, 1, 1, 1, '2024-07-03 00:16:10', NULL);
INSERT INTO `menu_roles` VALUES (12, 3, 1, 2, 1, '2024-07-03 00:16:10', NULL);
INSERT INTO `menu_roles` VALUES (13, 3, 1, 3, 1, '2024-07-03 00:16:10', NULL);
INSERT INTO `menu_roles` VALUES (14, 3, 1, 4, 1, '2024-07-03 00:16:10', NULL);
INSERT INTO `menu_roles` VALUES (15, 3, 1, 5, 1, '2024-07-03 00:16:10', NULL);
INSERT INTO `menu_roles` VALUES (16, 4, 1, 1, 1, '2024-07-03 00:16:10', NULL);
INSERT INTO `menu_roles` VALUES (17, 4, 1, 2, 1, '2024-07-03 00:16:10', NULL);
INSERT INTO `menu_roles` VALUES (18, 4, 1, 3, 1, '2024-07-03 00:16:10', NULL);
INSERT INTO `menu_roles` VALUES (19, 4, 1, 4, 1, '2024-07-03 00:16:10', NULL);
INSERT INTO `menu_roles` VALUES (20, 4, 1, 5, 1, '2024-07-03 00:16:10', NULL);
INSERT INTO `menu_roles` VALUES (21, 1, 2, 1, 1, '2024-11-19 01:23:34', '2024-11-19 01:34:28');
INSERT INTO `menu_roles` VALUES (22, 1, 2, 2, 0, '2024-11-19 01:23:34', '2024-11-19 01:23:34');
INSERT INTO `menu_roles` VALUES (23, 1, 2, 3, 0, '2024-11-19 01:23:34', '2024-11-19 01:23:34');
INSERT INTO `menu_roles` VALUES (24, 1, 2, 4, 0, '2024-11-19 01:23:34', '2024-11-19 01:23:34');
INSERT INTO `menu_roles` VALUES (25, 1, 2, 5, 0, '2024-11-19 01:23:34', '2024-11-19 01:23:34');
INSERT INTO `menu_roles` VALUES (26, 2, 2, 1, 0, '2024-11-19 01:23:34', '2024-11-19 01:23:34');
INSERT INTO `menu_roles` VALUES (27, 2, 2, 2, 0, '2024-11-19 01:23:34', '2024-11-19 01:23:34');
INSERT INTO `menu_roles` VALUES (28, 2, 2, 3, 0, '2024-11-19 01:23:34', '2024-11-19 01:23:34');
INSERT INTO `menu_roles` VALUES (29, 2, 2, 4, 0, '2024-11-19 01:23:34', '2024-11-19 01:23:34');
INSERT INTO `menu_roles` VALUES (30, 2, 2, 5, 0, '2024-11-19 01:23:34', '2024-11-19 01:23:34');
INSERT INTO `menu_roles` VALUES (31, 3, 2, 1, 0, '2024-11-19 01:23:34', '2024-11-19 01:23:34');
INSERT INTO `menu_roles` VALUES (32, 3, 2, 2, 0, '2024-11-19 01:23:34', '2024-11-19 01:23:34');
INSERT INTO `menu_roles` VALUES (33, 3, 2, 3, 0, '2024-11-19 01:23:34', '2024-11-19 01:23:34');
INSERT INTO `menu_roles` VALUES (34, 3, 2, 4, 0, '2024-11-19 01:23:34', '2024-11-19 01:23:34');
INSERT INTO `menu_roles` VALUES (35, 3, 2, 5, 0, '2024-11-19 01:23:34', '2024-11-19 01:23:34');
INSERT INTO `menu_roles` VALUES (36, 4, 2, 1, 0, '2024-11-19 01:23:34', '2024-11-19 01:23:34');
INSERT INTO `menu_roles` VALUES (37, 4, 2, 2, 0, '2024-11-19 01:23:34', '2024-11-19 01:23:34');
INSERT INTO `menu_roles` VALUES (38, 4, 2, 3, 0, '2024-11-19 01:23:34', '2024-11-19 01:23:34');
INSERT INTO `menu_roles` VALUES (39, 4, 2, 4, 0, '2024-11-19 01:23:34', '2024-11-19 01:23:34');
INSERT INTO `menu_roles` VALUES (40, 4, 2, 5, 0, '2024-11-19 01:23:34', '2024-11-19 01:23:34');
INSERT INTO `menu_roles` VALUES (41, 5, 2, 1, 1, '2024-11-19 01:23:34', '2024-11-19 01:23:34');
INSERT INTO `menu_roles` VALUES (42, 5, 2, 2, 0, '2024-11-19 01:23:34', '2024-11-19 01:23:34');
INSERT INTO `menu_roles` VALUES (43, 5, 2, 3, 0, '2024-11-19 01:23:34', '2024-11-19 01:23:34');
INSERT INTO `menu_roles` VALUES (44, 5, 2, 4, 0, '2024-11-19 01:23:34', '2024-11-19 01:23:34');
INSERT INTO `menu_roles` VALUES (45, 5, 2, 5, 0, '2024-11-19 01:23:34', '2024-11-19 01:23:34');
INSERT INTO `menu_roles` VALUES (46, 6, 2, 1, 1, '2024-11-19 01:23:34', '2024-11-19 01:23:34');
INSERT INTO `menu_roles` VALUES (47, 6, 2, 2, 0, '2024-11-19 01:23:34', '2024-11-19 01:23:34');
INSERT INTO `menu_roles` VALUES (48, 6, 2, 3, 0, '2024-11-19 01:23:34', '2024-11-19 01:23:34');
INSERT INTO `menu_roles` VALUES (49, 6, 2, 4, 0, '2024-11-19 01:23:34', '2024-11-19 01:23:34');
INSERT INTO `menu_roles` VALUES (50, 6, 2, 5, 0, '2024-11-19 01:23:34', '2024-11-19 01:23:34');
INSERT INTO `menu_roles` VALUES (51, 7, 2, 1, 1, '2024-11-19 01:23:34', '2024-11-19 01:23:34');
INSERT INTO `menu_roles` VALUES (52, 7, 2, 2, 0, '2024-11-19 01:23:34', '2024-11-19 01:23:34');
INSERT INTO `menu_roles` VALUES (53, 7, 2, 3, 0, '2024-11-19 01:23:34', '2024-11-19 01:23:34');
INSERT INTO `menu_roles` VALUES (54, 7, 2, 4, 0, '2024-11-19 01:23:34', '2024-11-19 01:23:34');
INSERT INTO `menu_roles` VALUES (55, 7, 2, 5, 0, '2024-11-19 01:23:34', '2024-11-19 01:23:34');
INSERT INTO `menu_roles` VALUES (56, 8, 2, 1, 1, '2024-11-19 01:23:34', '2024-11-19 01:23:34');
INSERT INTO `menu_roles` VALUES (57, 8, 2, 2, 0, '2024-11-19 01:23:34', '2024-11-19 01:23:34');
INSERT INTO `menu_roles` VALUES (58, 8, 2, 3, 0, '2024-11-19 01:23:34', '2024-11-19 01:23:34');
INSERT INTO `menu_roles` VALUES (59, 8, 2, 4, 0, '2024-11-19 01:23:34', '2024-11-19 01:23:34');
INSERT INTO `menu_roles` VALUES (60, 8, 2, 5, 0, '2024-11-19 01:23:34', '2024-11-19 01:23:34');
INSERT INTO `menu_roles` VALUES (61, 9, 2, 1, 1, '2024-11-19 01:23:34', '2024-11-19 01:23:34');
INSERT INTO `menu_roles` VALUES (62, 9, 2, 2, 0, '2024-11-19 01:23:34', '2024-11-19 01:23:34');
INSERT INTO `menu_roles` VALUES (63, 9, 2, 3, 0, '2024-11-19 01:23:34', '2024-11-19 01:23:34');
INSERT INTO `menu_roles` VALUES (64, 9, 2, 4, 0, '2024-11-19 01:23:34', '2024-11-19 01:23:34');
INSERT INTO `menu_roles` VALUES (65, 9, 2, 5, 0, '2024-11-19 01:23:34', '2024-11-19 01:23:34');
INSERT INTO `menu_roles` VALUES (66, 10, 2, 1, 1, '2024-11-19 01:23:34', '2024-11-19 01:23:34');
INSERT INTO `menu_roles` VALUES (67, 10, 2, 2, 1, '2024-11-19 01:23:34', '2024-11-19 01:23:34');
INSERT INTO `menu_roles` VALUES (68, 10, 2, 3, 1, '2024-11-19 01:23:34', '2024-11-19 01:23:34');
INSERT INTO `menu_roles` VALUES (69, 10, 2, 4, 1, '2024-11-19 01:23:34', '2024-11-19 01:23:34');
INSERT INTO `menu_roles` VALUES (70, 10, 2, 5, 1, '2024-11-19 01:23:34', '2024-11-19 01:23:34');
INSERT INTO `menu_roles` VALUES (71, 11, 2, 1, 1, '2024-11-19 01:23:34', '2024-11-19 01:23:34');
INSERT INTO `menu_roles` VALUES (72, 11, 2, 2, 0, '2024-11-19 01:23:34', '2024-11-19 01:23:34');
INSERT INTO `menu_roles` VALUES (73, 11, 2, 3, 0, '2024-11-19 01:23:34', '2024-11-19 01:23:34');
INSERT INTO `menu_roles` VALUES (74, 11, 2, 4, 0, '2024-11-19 01:23:34', '2024-11-19 01:23:34');
INSERT INTO `menu_roles` VALUES (75, 11, 2, 5, 0, '2024-11-19 01:23:34', '2024-11-19 01:23:34');
INSERT INTO `menu_roles` VALUES (76, 12, 2, 1, 1, '2024-11-19 01:23:34', '2024-11-19 01:23:34');
INSERT INTO `menu_roles` VALUES (77, 12, 2, 2, 0, '2024-11-19 01:23:34', '2024-11-19 01:23:34');
INSERT INTO `menu_roles` VALUES (78, 12, 2, 3, 0, '2024-11-19 01:23:34', '2024-11-19 01:23:34');
INSERT INTO `menu_roles` VALUES (79, 12, 2, 4, 0, '2024-11-19 01:23:34', '2024-11-19 01:23:34');
INSERT INTO `menu_roles` VALUES (80, 12, 2, 5, 0, '2024-11-19 01:23:34', '2024-11-19 01:23:34');
INSERT INTO `menu_roles` VALUES (81, 1, 4, 1, 1, '2024-11-19 01:29:41', '2024-11-19 01:34:16');
INSERT INTO `menu_roles` VALUES (82, 1, 4, 2, 0, '2024-11-19 01:29:41', '2024-11-19 01:29:41');
INSERT INTO `menu_roles` VALUES (83, 1, 4, 3, 0, '2024-11-19 01:29:41', '2024-11-19 01:29:41');
INSERT INTO `menu_roles` VALUES (84, 1, 4, 4, 0, '2024-11-19 01:29:41', '2024-11-19 01:29:41');
INSERT INTO `menu_roles` VALUES (85, 1, 4, 5, 0, '2024-11-19 01:29:41', '2024-11-19 01:29:41');
INSERT INTO `menu_roles` VALUES (86, 2, 4, 1, 0, '2024-11-19 01:29:41', '2024-11-19 01:29:41');
INSERT INTO `menu_roles` VALUES (87, 2, 4, 2, 0, '2024-11-19 01:29:41', '2024-11-19 01:29:41');
INSERT INTO `menu_roles` VALUES (88, 2, 4, 3, 0, '2024-11-19 01:29:41', '2024-11-19 01:29:41');
INSERT INTO `menu_roles` VALUES (89, 2, 4, 4, 0, '2024-11-19 01:29:41', '2024-11-19 01:29:41');
INSERT INTO `menu_roles` VALUES (90, 2, 4, 5, 0, '2024-11-19 01:29:41', '2024-11-19 01:29:41');
INSERT INTO `menu_roles` VALUES (91, 3, 4, 1, 0, '2024-11-19 01:29:41', '2024-11-19 01:29:41');
INSERT INTO `menu_roles` VALUES (92, 3, 4, 2, 0, '2024-11-19 01:29:41', '2024-11-19 01:29:41');
INSERT INTO `menu_roles` VALUES (93, 3, 4, 3, 0, '2024-11-19 01:29:41', '2024-11-19 01:29:41');
INSERT INTO `menu_roles` VALUES (94, 3, 4, 4, 0, '2024-11-19 01:29:41', '2024-11-19 01:29:41');
INSERT INTO `menu_roles` VALUES (95, 3, 4, 5, 0, '2024-11-19 01:29:41', '2024-11-19 01:29:41');
INSERT INTO `menu_roles` VALUES (96, 4, 4, 1, 0, '2024-11-19 01:29:41', '2024-11-19 01:29:41');
INSERT INTO `menu_roles` VALUES (97, 4, 4, 2, 0, '2024-11-19 01:29:41', '2024-11-19 01:29:41');
INSERT INTO `menu_roles` VALUES (98, 4, 4, 3, 0, '2024-11-19 01:29:41', '2024-11-19 01:29:41');
INSERT INTO `menu_roles` VALUES (99, 4, 4, 4, 0, '2024-11-19 01:29:41', '2024-11-19 01:29:41');
INSERT INTO `menu_roles` VALUES (100, 4, 4, 5, 0, '2024-11-19 01:29:41', '2024-11-19 01:29:41');
INSERT INTO `menu_roles` VALUES (101, 5, 4, 1, 1, '2024-11-19 01:29:41', '2024-11-19 01:29:41');
INSERT INTO `menu_roles` VALUES (102, 5, 4, 2, 0, '2024-11-19 01:29:41', '2024-11-19 01:29:41');
INSERT INTO `menu_roles` VALUES (103, 5, 4, 3, 0, '2024-11-19 01:29:41', '2024-11-19 01:29:41');
INSERT INTO `menu_roles` VALUES (104, 5, 4, 4, 0, '2024-11-19 01:29:41', '2024-11-19 01:29:41');
INSERT INTO `menu_roles` VALUES (105, 5, 4, 5, 0, '2024-11-19 01:29:41', '2024-11-19 01:29:41');
INSERT INTO `menu_roles` VALUES (106, 6, 4, 1, 0, '2024-11-19 01:29:41', '2024-11-19 01:29:41');
INSERT INTO `menu_roles` VALUES (107, 6, 4, 2, 0, '2024-11-19 01:29:41', '2024-11-19 01:29:41');
INSERT INTO `menu_roles` VALUES (108, 6, 4, 3, 0, '2024-11-19 01:29:41', '2024-11-19 01:29:41');
INSERT INTO `menu_roles` VALUES (109, 6, 4, 4, 0, '2024-11-19 01:29:41', '2024-11-19 01:29:41');
INSERT INTO `menu_roles` VALUES (110, 6, 4, 5, 0, '2024-11-19 01:29:41', '2024-11-19 01:29:41');
INSERT INTO `menu_roles` VALUES (111, 7, 4, 1, 1, '2024-11-19 01:29:41', '2024-11-19 01:29:41');
INSERT INTO `menu_roles` VALUES (112, 7, 4, 2, 0, '2024-11-19 01:29:41', '2024-11-19 01:29:41');
INSERT INTO `menu_roles` VALUES (113, 7, 4, 3, 0, '2024-11-19 01:29:41', '2024-11-19 01:29:41');
INSERT INTO `menu_roles` VALUES (114, 7, 4, 4, 0, '2024-11-19 01:29:41', '2024-11-19 01:29:41');
INSERT INTO `menu_roles` VALUES (115, 7, 4, 5, 0, '2024-11-19 01:29:41', '2024-11-19 01:29:41');
INSERT INTO `menu_roles` VALUES (116, 8, 4, 1, 0, '2024-11-19 01:29:41', '2024-11-19 01:29:41');
INSERT INTO `menu_roles` VALUES (117, 8, 4, 2, 0, '2024-11-19 01:29:41', '2024-11-19 01:29:41');
INSERT INTO `menu_roles` VALUES (118, 8, 4, 3, 0, '2024-11-19 01:29:41', '2024-11-19 01:29:41');
INSERT INTO `menu_roles` VALUES (119, 8, 4, 4, 0, '2024-11-19 01:29:41', '2024-11-19 01:29:41');
INSERT INTO `menu_roles` VALUES (120, 8, 4, 5, 0, '2024-11-19 01:29:41', '2024-11-19 01:29:41');
INSERT INTO `menu_roles` VALUES (121, 9, 4, 1, 1, '2024-11-19 01:29:41', '2024-11-19 01:29:41');
INSERT INTO `menu_roles` VALUES (122, 9, 4, 2, 0, '2024-11-19 01:29:41', '2024-11-19 01:29:41');
INSERT INTO `menu_roles` VALUES (123, 9, 4, 3, 0, '2024-11-19 01:29:41', '2024-11-19 01:29:41');
INSERT INTO `menu_roles` VALUES (124, 9, 4, 4, 0, '2024-11-19 01:29:41', '2024-11-19 01:29:41');
INSERT INTO `menu_roles` VALUES (125, 9, 4, 5, 0, '2024-11-19 01:29:41', '2024-11-19 01:29:41');
INSERT INTO `menu_roles` VALUES (126, 10, 4, 1, 1, '2024-11-19 01:29:41', '2024-11-19 01:29:41');
INSERT INTO `menu_roles` VALUES (127, 10, 4, 2, 1, '2024-11-19 01:29:41', '2024-11-19 01:29:41');
INSERT INTO `menu_roles` VALUES (128, 10, 4, 3, 1, '2024-11-19 01:29:41', '2024-11-19 01:29:41');
INSERT INTO `menu_roles` VALUES (129, 10, 4, 4, 1, '2024-11-19 01:29:41', '2024-11-19 01:29:41');
INSERT INTO `menu_roles` VALUES (130, 10, 4, 5, 1, '2024-11-19 01:29:41', '2024-11-19 01:29:41');
INSERT INTO `menu_roles` VALUES (131, 11, 4, 1, 0, '2024-11-19 01:29:41', '2024-11-19 01:29:41');
INSERT INTO `menu_roles` VALUES (132, 11, 4, 2, 0, '2024-11-19 01:29:41', '2024-11-19 01:29:41');
INSERT INTO `menu_roles` VALUES (133, 11, 4, 3, 0, '2024-11-19 01:29:41', '2024-11-19 01:29:41');
INSERT INTO `menu_roles` VALUES (134, 11, 4, 4, 0, '2024-11-19 01:29:41', '2024-11-19 01:29:41');
INSERT INTO `menu_roles` VALUES (135, 11, 4, 5, 0, '2024-11-19 01:29:41', '2024-11-19 01:29:41');
INSERT INTO `menu_roles` VALUES (136, 12, 4, 1, 0, '2024-11-19 01:29:41', '2024-11-19 01:29:41');
INSERT INTO `menu_roles` VALUES (137, 12, 4, 2, 0, '2024-11-19 01:29:41', '2024-11-19 01:29:41');
INSERT INTO `menu_roles` VALUES (138, 12, 4, 3, 0, '2024-11-19 01:29:41', '2024-11-19 01:29:41');
INSERT INTO `menu_roles` VALUES (139, 12, 4, 4, 0, '2024-11-19 01:29:41', '2024-11-19 01:29:41');
INSERT INTO `menu_roles` VALUES (140, 12, 4, 5, 0, '2024-11-19 01:29:41', '2024-11-19 01:29:41');
INSERT INTO `menu_roles` VALUES (141, 1, 5, 1, 1, '2024-11-19 01:30:05', '2024-11-19 01:34:09');
INSERT INTO `menu_roles` VALUES (142, 1, 5, 2, 0, '2024-11-19 01:30:05', '2024-11-19 01:30:05');
INSERT INTO `menu_roles` VALUES (143, 1, 5, 3, 0, '2024-11-19 01:30:05', '2024-11-19 01:30:05');
INSERT INTO `menu_roles` VALUES (144, 1, 5, 4, 0, '2024-11-19 01:30:05', '2024-11-19 01:30:05');
INSERT INTO `menu_roles` VALUES (145, 1, 5, 5, 0, '2024-11-19 01:30:05', '2024-11-19 01:30:05');
INSERT INTO `menu_roles` VALUES (146, 2, 5, 1, 0, '2024-11-19 01:30:05', '2024-11-19 01:30:05');
INSERT INTO `menu_roles` VALUES (147, 2, 5, 2, 0, '2024-11-19 01:30:05', '2024-11-19 01:30:05');
INSERT INTO `menu_roles` VALUES (148, 2, 5, 3, 0, '2024-11-19 01:30:05', '2024-11-19 01:30:05');
INSERT INTO `menu_roles` VALUES (149, 2, 5, 4, 0, '2024-11-19 01:30:05', '2024-11-19 01:30:05');
INSERT INTO `menu_roles` VALUES (150, 2, 5, 5, 0, '2024-11-19 01:30:05', '2024-11-19 01:30:05');
INSERT INTO `menu_roles` VALUES (151, 3, 5, 1, 0, '2024-11-19 01:30:05', '2024-11-19 01:30:05');
INSERT INTO `menu_roles` VALUES (152, 3, 5, 2, 0, '2024-11-19 01:30:05', '2024-11-19 01:30:05');
INSERT INTO `menu_roles` VALUES (153, 3, 5, 3, 0, '2024-11-19 01:30:05', '2024-11-19 01:30:05');
INSERT INTO `menu_roles` VALUES (154, 3, 5, 4, 0, '2024-11-19 01:30:05', '2024-11-19 01:30:05');
INSERT INTO `menu_roles` VALUES (155, 3, 5, 5, 0, '2024-11-19 01:30:05', '2024-11-19 01:30:05');
INSERT INTO `menu_roles` VALUES (156, 4, 5, 1, 0, '2024-11-19 01:30:05', '2024-11-19 01:30:05');
INSERT INTO `menu_roles` VALUES (157, 4, 5, 2, 0, '2024-11-19 01:30:05', '2024-11-19 01:30:05');
INSERT INTO `menu_roles` VALUES (158, 4, 5, 3, 0, '2024-11-19 01:30:05', '2024-11-19 01:30:05');
INSERT INTO `menu_roles` VALUES (159, 4, 5, 4, 0, '2024-11-19 01:30:05', '2024-11-19 01:30:05');
INSERT INTO `menu_roles` VALUES (160, 4, 5, 5, 0, '2024-11-19 01:30:05', '2024-11-19 01:30:05');
INSERT INTO `menu_roles` VALUES (161, 5, 5, 1, 0, '2024-11-19 01:30:05', '2024-11-19 01:30:05');
INSERT INTO `menu_roles` VALUES (162, 5, 5, 2, 0, '2024-11-19 01:30:05', '2024-11-19 01:30:05');
INSERT INTO `menu_roles` VALUES (163, 5, 5, 3, 0, '2024-11-19 01:30:05', '2024-11-19 01:30:05');
INSERT INTO `menu_roles` VALUES (164, 5, 5, 4, 0, '2024-11-19 01:30:05', '2024-11-19 01:30:05');
INSERT INTO `menu_roles` VALUES (165, 5, 5, 5, 0, '2024-11-19 01:30:05', '2024-11-19 01:30:05');
INSERT INTO `menu_roles` VALUES (166, 6, 5, 1, 1, '2024-11-19 01:30:05', '2024-11-19 01:30:05');
INSERT INTO `menu_roles` VALUES (167, 6, 5, 2, 0, '2024-11-19 01:30:05', '2024-11-19 01:30:05');
INSERT INTO `menu_roles` VALUES (168, 6, 5, 3, 0, '2024-11-19 01:30:05', '2024-11-19 01:30:05');
INSERT INTO `menu_roles` VALUES (169, 6, 5, 4, 0, '2024-11-19 01:30:05', '2024-11-19 01:30:05');
INSERT INTO `menu_roles` VALUES (170, 6, 5, 5, 0, '2024-11-19 01:30:05', '2024-11-19 01:30:05');
INSERT INTO `menu_roles` VALUES (171, 7, 5, 1, 0, '2024-11-19 01:30:05', '2024-11-19 01:30:05');
INSERT INTO `menu_roles` VALUES (172, 7, 5, 2, 0, '2024-11-19 01:30:05', '2024-11-19 01:30:05');
INSERT INTO `menu_roles` VALUES (173, 7, 5, 3, 0, '2024-11-19 01:30:05', '2024-11-19 01:30:05');
INSERT INTO `menu_roles` VALUES (174, 7, 5, 4, 0, '2024-11-19 01:30:05', '2024-11-19 01:30:05');
INSERT INTO `menu_roles` VALUES (175, 7, 5, 5, 0, '2024-11-19 01:30:05', '2024-11-19 01:30:05');
INSERT INTO `menu_roles` VALUES (176, 8, 5, 1, 1, '2024-11-19 01:30:05', '2024-11-19 01:30:05');
INSERT INTO `menu_roles` VALUES (177, 8, 5, 2, 0, '2024-11-19 01:30:05', '2024-11-19 01:30:05');
INSERT INTO `menu_roles` VALUES (178, 8, 5, 3, 0, '2024-11-19 01:30:05', '2024-11-19 01:30:05');
INSERT INTO `menu_roles` VALUES (179, 8, 5, 4, 0, '2024-11-19 01:30:05', '2024-11-19 01:30:05');
INSERT INTO `menu_roles` VALUES (180, 8, 5, 5, 0, '2024-11-19 01:30:05', '2024-11-19 01:30:05');
INSERT INTO `menu_roles` VALUES (181, 9, 5, 1, 0, '2024-11-19 01:30:05', '2024-11-19 01:30:05');
INSERT INTO `menu_roles` VALUES (182, 9, 5, 2, 0, '2024-11-19 01:30:05', '2024-11-19 01:30:05');
INSERT INTO `menu_roles` VALUES (183, 9, 5, 3, 0, '2024-11-19 01:30:05', '2024-11-19 01:30:05');
INSERT INTO `menu_roles` VALUES (184, 9, 5, 4, 0, '2024-11-19 01:30:05', '2024-11-19 01:30:05');
INSERT INTO `menu_roles` VALUES (185, 9, 5, 5, 0, '2024-11-19 01:30:05', '2024-11-19 01:30:05');
INSERT INTO `menu_roles` VALUES (186, 10, 5, 1, 0, '2024-11-19 01:30:05', '2024-11-19 01:30:05');
INSERT INTO `menu_roles` VALUES (187, 10, 5, 2, 0, '2024-11-19 01:30:05', '2024-11-19 01:30:05');
INSERT INTO `menu_roles` VALUES (188, 10, 5, 3, 0, '2024-11-19 01:30:05', '2024-11-19 01:30:05');
INSERT INTO `menu_roles` VALUES (189, 10, 5, 4, 0, '2024-11-19 01:30:05', '2024-11-19 01:30:05');
INSERT INTO `menu_roles` VALUES (190, 10, 5, 5, 0, '2024-11-19 01:30:05', '2024-11-19 01:30:05');
INSERT INTO `menu_roles` VALUES (191, 11, 5, 1, 0, '2024-11-19 01:30:05', '2024-11-19 01:30:05');
INSERT INTO `menu_roles` VALUES (192, 11, 5, 2, 0, '2024-11-19 01:30:05', '2024-11-19 01:30:05');
INSERT INTO `menu_roles` VALUES (193, 11, 5, 3, 0, '2024-11-19 01:30:05', '2024-11-19 01:30:05');
INSERT INTO `menu_roles` VALUES (194, 11, 5, 4, 0, '2024-11-19 01:30:05', '2024-11-19 01:30:05');
INSERT INTO `menu_roles` VALUES (195, 11, 5, 5, 0, '2024-11-19 01:30:05', '2024-11-19 01:30:05');
INSERT INTO `menu_roles` VALUES (196, 12, 5, 1, 1, '2024-11-19 01:30:05', '2024-11-19 01:30:05');
INSERT INTO `menu_roles` VALUES (197, 12, 5, 2, 0, '2024-11-19 01:30:05', '2024-11-19 01:30:05');
INSERT INTO `menu_roles` VALUES (198, 12, 5, 3, 0, '2024-11-19 01:30:05', '2024-11-19 01:30:05');
INSERT INTO `menu_roles` VALUES (199, 12, 5, 4, 0, '2024-11-19 01:30:05', '2024-11-19 01:30:05');
INSERT INTO `menu_roles` VALUES (200, 12, 5, 5, 0, '2024-11-19 01:30:05', '2024-11-19 01:30:05');
INSERT INTO `menu_roles` VALUES (201, 1, 6, 1, 1, '2024-11-19 01:30:20', '2024-11-19 01:34:03');
INSERT INTO `menu_roles` VALUES (202, 1, 6, 2, 0, '2024-11-19 01:30:20', '2024-11-19 01:30:20');
INSERT INTO `menu_roles` VALUES (203, 1, 6, 3, 0, '2024-11-19 01:30:20', '2024-11-19 01:30:20');
INSERT INTO `menu_roles` VALUES (204, 1, 6, 4, 0, '2024-11-19 01:30:20', '2024-11-19 01:30:20');
INSERT INTO `menu_roles` VALUES (205, 1, 6, 5, 0, '2024-11-19 01:30:20', '2024-11-19 01:30:20');
INSERT INTO `menu_roles` VALUES (206, 2, 6, 1, 0, '2024-11-19 01:30:20', '2024-11-19 01:30:20');
INSERT INTO `menu_roles` VALUES (207, 2, 6, 2, 0, '2024-11-19 01:30:20', '2024-11-19 01:30:20');
INSERT INTO `menu_roles` VALUES (208, 2, 6, 3, 0, '2024-11-19 01:30:20', '2024-11-19 01:30:20');
INSERT INTO `menu_roles` VALUES (209, 2, 6, 4, 0, '2024-11-19 01:30:20', '2024-11-19 01:30:20');
INSERT INTO `menu_roles` VALUES (210, 2, 6, 5, 0, '2024-11-19 01:30:20', '2024-11-19 01:30:20');
INSERT INTO `menu_roles` VALUES (211, 3, 6, 1, 0, '2024-11-19 01:30:20', '2024-11-19 01:30:20');
INSERT INTO `menu_roles` VALUES (212, 3, 6, 2, 0, '2024-11-19 01:30:20', '2024-11-19 01:30:20');
INSERT INTO `menu_roles` VALUES (213, 3, 6, 3, 0, '2024-11-19 01:30:20', '2024-11-19 01:30:20');
INSERT INTO `menu_roles` VALUES (214, 3, 6, 4, 0, '2024-11-19 01:30:20', '2024-11-19 01:30:20');
INSERT INTO `menu_roles` VALUES (215, 3, 6, 5, 0, '2024-11-19 01:30:20', '2024-11-19 01:30:20');
INSERT INTO `menu_roles` VALUES (216, 4, 6, 1, 0, '2024-11-19 01:30:20', '2024-11-19 01:30:20');
INSERT INTO `menu_roles` VALUES (217, 4, 6, 2, 0, '2024-11-19 01:30:20', '2024-11-19 01:30:20');
INSERT INTO `menu_roles` VALUES (218, 4, 6, 3, 0, '2024-11-19 01:30:20', '2024-11-19 01:30:20');
INSERT INTO `menu_roles` VALUES (219, 4, 6, 4, 0, '2024-11-19 01:30:20', '2024-11-19 01:30:20');
INSERT INTO `menu_roles` VALUES (220, 4, 6, 5, 0, '2024-11-19 01:30:20', '2024-11-19 01:30:20');
INSERT INTO `menu_roles` VALUES (221, 5, 6, 1, 0, '2024-11-19 01:30:20', '2024-11-19 01:30:20');
INSERT INTO `menu_roles` VALUES (222, 5, 6, 2, 0, '2024-11-19 01:30:20', '2024-11-19 01:30:20');
INSERT INTO `menu_roles` VALUES (223, 5, 6, 3, 0, '2024-11-19 01:30:20', '2024-11-19 01:30:20');
INSERT INTO `menu_roles` VALUES (224, 5, 6, 4, 0, '2024-11-19 01:30:20', '2024-11-19 01:30:20');
INSERT INTO `menu_roles` VALUES (225, 5, 6, 5, 0, '2024-11-19 01:30:20', '2024-11-19 01:30:20');
INSERT INTO `menu_roles` VALUES (226, 6, 6, 1, 0, '2024-11-19 01:30:20', '2024-11-19 01:30:20');
INSERT INTO `menu_roles` VALUES (227, 6, 6, 2, 0, '2024-11-19 01:30:20', '2024-11-19 01:30:20');
INSERT INTO `menu_roles` VALUES (228, 6, 6, 3, 0, '2024-11-19 01:30:20', '2024-11-19 01:30:20');
INSERT INTO `menu_roles` VALUES (229, 6, 6, 4, 0, '2024-11-19 01:30:20', '2024-11-19 01:30:20');
INSERT INTO `menu_roles` VALUES (230, 6, 6, 5, 0, '2024-11-19 01:30:20', '2024-11-19 01:30:20');
INSERT INTO `menu_roles` VALUES (231, 7, 6, 1, 0, '2024-11-19 01:30:20', '2024-11-19 01:30:20');
INSERT INTO `menu_roles` VALUES (232, 7, 6, 2, 0, '2024-11-19 01:30:20', '2024-11-19 01:30:20');
INSERT INTO `menu_roles` VALUES (233, 7, 6, 3, 0, '2024-11-19 01:30:20', '2024-11-19 01:30:20');
INSERT INTO `menu_roles` VALUES (234, 7, 6, 4, 0, '2024-11-19 01:30:20', '2024-11-19 01:30:20');
INSERT INTO `menu_roles` VALUES (235, 7, 6, 5, 0, '2024-11-19 01:30:20', '2024-11-19 01:30:20');
INSERT INTO `menu_roles` VALUES (236, 8, 6, 1, 0, '2024-11-19 01:30:20', '2024-11-19 01:30:20');
INSERT INTO `menu_roles` VALUES (237, 8, 6, 2, 0, '2024-11-19 01:30:20', '2024-11-19 01:30:20');
INSERT INTO `menu_roles` VALUES (238, 8, 6, 3, 0, '2024-11-19 01:30:20', '2024-11-19 01:30:20');
INSERT INTO `menu_roles` VALUES (239, 8, 6, 4, 0, '2024-11-19 01:30:20', '2024-11-19 01:30:20');
INSERT INTO `menu_roles` VALUES (240, 8, 6, 5, 0, '2024-11-19 01:30:20', '2024-11-19 01:30:20');
INSERT INTO `menu_roles` VALUES (241, 9, 6, 1, 0, '2024-11-19 01:30:20', '2024-11-19 01:30:20');
INSERT INTO `menu_roles` VALUES (242, 9, 6, 2, 0, '2024-11-19 01:30:20', '2024-11-19 01:30:20');
INSERT INTO `menu_roles` VALUES (243, 9, 6, 3, 0, '2024-11-19 01:30:20', '2024-11-19 01:30:20');
INSERT INTO `menu_roles` VALUES (244, 9, 6, 4, 0, '2024-11-19 01:30:20', '2024-11-19 01:30:20');
INSERT INTO `menu_roles` VALUES (245, 9, 6, 5, 0, '2024-11-19 01:30:20', '2024-11-19 01:30:20');
INSERT INTO `menu_roles` VALUES (246, 10, 6, 1, 0, '2024-11-19 01:30:20', '2024-11-19 01:30:20');
INSERT INTO `menu_roles` VALUES (247, 10, 6, 2, 0, '2024-11-19 01:30:20', '2024-11-19 01:30:20');
INSERT INTO `menu_roles` VALUES (248, 10, 6, 3, 0, '2024-11-19 01:30:20', '2024-11-19 01:30:20');
INSERT INTO `menu_roles` VALUES (249, 10, 6, 4, 0, '2024-11-19 01:30:20', '2024-11-19 01:30:20');
INSERT INTO `menu_roles` VALUES (250, 10, 6, 5, 0, '2024-11-19 01:30:20', '2024-11-19 01:30:20');
INSERT INTO `menu_roles` VALUES (251, 11, 6, 1, 1, '2024-11-19 01:30:20', '2024-11-19 01:30:20');
INSERT INTO `menu_roles` VALUES (252, 11, 6, 2, 0, '2024-11-19 01:30:20', '2024-11-19 01:30:20');
INSERT INTO `menu_roles` VALUES (253, 11, 6, 3, 0, '2024-11-19 01:30:20', '2024-11-19 01:30:20');
INSERT INTO `menu_roles` VALUES (254, 11, 6, 4, 0, '2024-11-19 01:30:20', '2024-11-19 01:30:20');
INSERT INTO `menu_roles` VALUES (255, 11, 6, 5, 0, '2024-11-19 01:30:20', '2024-11-19 01:30:20');
INSERT INTO `menu_roles` VALUES (256, 12, 6, 1, 0, '2024-11-19 01:30:20', '2024-11-19 01:30:20');
INSERT INTO `menu_roles` VALUES (257, 12, 6, 2, 0, '2024-11-19 01:30:20', '2024-11-19 01:30:20');
INSERT INTO `menu_roles` VALUES (258, 12, 6, 3, 0, '2024-11-19 01:30:20', '2024-11-19 01:30:20');
INSERT INTO `menu_roles` VALUES (259, 12, 6, 4, 0, '2024-11-19 01:30:20', '2024-11-19 01:30:20');
INSERT INTO `menu_roles` VALUES (260, 12, 6, 5, 0, '2024-11-19 01:30:20', '2024-11-19 01:30:20');
INSERT INTO `menu_roles` VALUES (261, 1, 7, 1, 1, '2024-11-19 01:30:51', '2024-11-19 01:33:58');
INSERT INTO `menu_roles` VALUES (262, 1, 7, 2, 0, '2024-11-19 01:30:51', '2024-11-19 01:30:51');
INSERT INTO `menu_roles` VALUES (263, 1, 7, 3, 0, '2024-11-19 01:30:51', '2024-11-19 01:30:51');
INSERT INTO `menu_roles` VALUES (264, 1, 7, 4, 0, '2024-11-19 01:30:51', '2024-11-19 01:30:51');
INSERT INTO `menu_roles` VALUES (265, 1, 7, 5, 0, '2024-11-19 01:30:51', '2024-11-19 01:30:51');
INSERT INTO `menu_roles` VALUES (266, 2, 7, 1, 0, '2024-11-19 01:30:51', '2024-11-19 01:30:51');
INSERT INTO `menu_roles` VALUES (267, 2, 7, 2, 0, '2024-11-19 01:30:51', '2024-11-19 01:30:51');
INSERT INTO `menu_roles` VALUES (268, 2, 7, 3, 0, '2024-11-19 01:30:51', '2024-11-19 01:30:51');
INSERT INTO `menu_roles` VALUES (269, 2, 7, 4, 0, '2024-11-19 01:30:51', '2024-11-19 01:30:51');
INSERT INTO `menu_roles` VALUES (270, 2, 7, 5, 0, '2024-11-19 01:30:51', '2024-11-19 01:30:51');
INSERT INTO `menu_roles` VALUES (271, 3, 7, 1, 0, '2024-11-19 01:30:51', '2024-11-19 01:30:51');
INSERT INTO `menu_roles` VALUES (272, 3, 7, 2, 0, '2024-11-19 01:30:51', '2024-11-19 01:30:51');
INSERT INTO `menu_roles` VALUES (273, 3, 7, 3, 0, '2024-11-19 01:30:51', '2024-11-19 01:30:51');
INSERT INTO `menu_roles` VALUES (274, 3, 7, 4, 0, '2024-11-19 01:30:51', '2024-11-19 01:30:51');
INSERT INTO `menu_roles` VALUES (275, 3, 7, 5, 0, '2024-11-19 01:30:51', '2024-11-19 01:30:51');
INSERT INTO `menu_roles` VALUES (276, 4, 7, 1, 0, '2024-11-19 01:30:51', '2024-11-19 01:30:51');
INSERT INTO `menu_roles` VALUES (277, 4, 7, 2, 0, '2024-11-19 01:30:51', '2024-11-19 01:30:51');
INSERT INTO `menu_roles` VALUES (278, 4, 7, 3, 0, '2024-11-19 01:30:51', '2024-11-19 01:30:51');
INSERT INTO `menu_roles` VALUES (279, 4, 7, 4, 0, '2024-11-19 01:30:51', '2024-11-19 01:30:51');
INSERT INTO `menu_roles` VALUES (280, 4, 7, 5, 0, '2024-11-19 01:30:51', '2024-11-19 01:30:51');
INSERT INTO `menu_roles` VALUES (281, 5, 7, 1, 0, '2024-11-19 01:30:51', '2024-11-19 01:30:51');
INSERT INTO `menu_roles` VALUES (282, 5, 7, 2, 0, '2024-11-19 01:30:51', '2024-11-19 01:30:51');
INSERT INTO `menu_roles` VALUES (283, 5, 7, 3, 0, '2024-11-19 01:30:51', '2024-11-19 01:30:51');
INSERT INTO `menu_roles` VALUES (284, 5, 7, 4, 0, '2024-11-19 01:30:51', '2024-11-19 01:30:51');
INSERT INTO `menu_roles` VALUES (285, 5, 7, 5, 0, '2024-11-19 01:30:51', '2024-11-19 01:30:51');
INSERT INTO `menu_roles` VALUES (286, 6, 7, 1, 0, '2024-11-19 01:30:51', '2024-11-19 01:30:51');
INSERT INTO `menu_roles` VALUES (287, 6, 7, 2, 0, '2024-11-19 01:30:51', '2024-11-19 01:30:51');
INSERT INTO `menu_roles` VALUES (288, 6, 7, 3, 0, '2024-11-19 01:30:51', '2024-11-19 01:30:51');
INSERT INTO `menu_roles` VALUES (289, 6, 7, 4, 0, '2024-11-19 01:30:51', '2024-11-19 01:30:51');
INSERT INTO `menu_roles` VALUES (290, 6, 7, 5, 0, '2024-11-19 01:30:51', '2024-11-19 01:30:51');
INSERT INTO `menu_roles` VALUES (291, 7, 7, 1, 0, '2024-11-19 01:30:51', '2024-11-19 01:30:51');
INSERT INTO `menu_roles` VALUES (292, 7, 7, 2, 0, '2024-11-19 01:30:51', '2024-11-19 01:30:51');
INSERT INTO `menu_roles` VALUES (293, 7, 7, 3, 0, '2024-11-19 01:30:51', '2024-11-19 01:30:51');
INSERT INTO `menu_roles` VALUES (294, 7, 7, 4, 0, '2024-11-19 01:30:51', '2024-11-19 01:30:51');
INSERT INTO `menu_roles` VALUES (295, 7, 7, 5, 0, '2024-11-19 01:30:51', '2024-11-19 01:30:51');
INSERT INTO `menu_roles` VALUES (296, 8, 7, 1, 0, '2024-11-19 01:30:51', '2024-11-19 01:30:51');
INSERT INTO `menu_roles` VALUES (297, 8, 7, 2, 0, '2024-11-19 01:30:51', '2024-11-19 01:30:51');
INSERT INTO `menu_roles` VALUES (298, 8, 7, 3, 0, '2024-11-19 01:30:51', '2024-11-19 01:30:51');
INSERT INTO `menu_roles` VALUES (299, 8, 7, 4, 0, '2024-11-19 01:30:51', '2024-11-19 01:30:51');
INSERT INTO `menu_roles` VALUES (300, 8, 7, 5, 0, '2024-11-19 01:30:51', '2024-11-19 01:30:51');
INSERT INTO `menu_roles` VALUES (301, 9, 7, 1, 1, '2024-11-19 01:30:51', '2024-11-19 01:30:51');
INSERT INTO `menu_roles` VALUES (302, 9, 7, 2, 0, '2024-11-19 01:30:51', '2024-11-19 01:30:51');
INSERT INTO `menu_roles` VALUES (303, 9, 7, 3, 0, '2024-11-19 01:30:51', '2024-11-19 01:30:51');
INSERT INTO `menu_roles` VALUES (304, 9, 7, 4, 0, '2024-11-19 01:30:51', '2024-11-19 01:30:51');
INSERT INTO `menu_roles` VALUES (305, 9, 7, 5, 0, '2024-11-19 01:30:51', '2024-11-19 01:30:51');
INSERT INTO `menu_roles` VALUES (306, 10, 7, 1, 0, '2024-11-19 01:30:51', '2024-11-19 01:30:51');
INSERT INTO `menu_roles` VALUES (307, 10, 7, 2, 0, '2024-11-19 01:30:51', '2024-11-19 01:30:51');
INSERT INTO `menu_roles` VALUES (308, 10, 7, 3, 0, '2024-11-19 01:30:51', '2024-11-19 01:30:51');
INSERT INTO `menu_roles` VALUES (309, 10, 7, 4, 0, '2024-11-19 01:30:51', '2024-11-19 01:30:51');
INSERT INTO `menu_roles` VALUES (310, 10, 7, 5, 0, '2024-11-19 01:30:51', '2024-11-19 01:30:51');
INSERT INTO `menu_roles` VALUES (311, 11, 7, 1, 0, '2024-11-19 01:30:51', '2024-11-19 01:30:51');
INSERT INTO `menu_roles` VALUES (312, 11, 7, 2, 0, '2024-11-19 01:30:51', '2024-11-19 01:30:51');
INSERT INTO `menu_roles` VALUES (313, 11, 7, 3, 0, '2024-11-19 01:30:51', '2024-11-19 01:30:51');
INSERT INTO `menu_roles` VALUES (314, 11, 7, 4, 0, '2024-11-19 01:30:51', '2024-11-19 01:30:51');
INSERT INTO `menu_roles` VALUES (315, 11, 7, 5, 0, '2024-11-19 01:30:51', '2024-11-19 01:30:51');
INSERT INTO `menu_roles` VALUES (316, 12, 7, 1, 0, '2024-11-19 01:30:51', '2024-11-19 01:30:51');
INSERT INTO `menu_roles` VALUES (317, 12, 7, 2, 0, '2024-11-19 01:30:51', '2024-11-19 01:30:51');
INSERT INTO `menu_roles` VALUES (318, 12, 7, 3, 0, '2024-11-19 01:30:51', '2024-11-19 01:30:51');
INSERT INTO `menu_roles` VALUES (319, 12, 7, 4, 0, '2024-11-19 01:30:51', '2024-11-19 01:30:51');
INSERT INTO `menu_roles` VALUES (320, 12, 7, 5, 0, '2024-11-19 01:30:51', '2024-11-19 01:30:51');
INSERT INTO `menu_roles` VALUES (321, 1, 9, 1, 1, '2024-11-19 01:32:02', '2024-11-19 01:33:49');
INSERT INTO `menu_roles` VALUES (322, 1, 9, 2, 0, '2024-11-19 01:32:02', '2024-11-19 01:32:02');
INSERT INTO `menu_roles` VALUES (323, 1, 9, 3, 0, '2024-11-19 01:32:02', '2024-11-19 01:32:02');
INSERT INTO `menu_roles` VALUES (324, 1, 9, 4, 0, '2024-11-19 01:32:02', '2024-11-19 01:32:02');
INSERT INTO `menu_roles` VALUES (325, 1, 9, 5, 0, '2024-11-19 01:32:02', '2024-11-19 01:32:02');
INSERT INTO `menu_roles` VALUES (326, 2, 9, 1, 0, '2024-11-19 01:32:02', '2024-11-19 01:32:02');
INSERT INTO `menu_roles` VALUES (327, 2, 9, 2, 0, '2024-11-19 01:32:02', '2024-11-19 01:32:02');
INSERT INTO `menu_roles` VALUES (328, 2, 9, 3, 0, '2024-11-19 01:32:02', '2024-11-19 01:32:02');
INSERT INTO `menu_roles` VALUES (329, 2, 9, 4, 0, '2024-11-19 01:32:02', '2024-11-19 01:32:02');
INSERT INTO `menu_roles` VALUES (330, 2, 9, 5, 0, '2024-11-19 01:32:02', '2024-11-19 01:32:02');
INSERT INTO `menu_roles` VALUES (331, 3, 9, 1, 0, '2024-11-19 01:32:02', '2024-11-19 01:32:02');
INSERT INTO `menu_roles` VALUES (332, 3, 9, 2, 0, '2024-11-19 01:32:02', '2024-11-19 01:32:02');
INSERT INTO `menu_roles` VALUES (333, 3, 9, 3, 0, '2024-11-19 01:32:02', '2024-11-19 01:32:02');
INSERT INTO `menu_roles` VALUES (334, 3, 9, 4, 0, '2024-11-19 01:32:02', '2024-11-19 01:32:02');
INSERT INTO `menu_roles` VALUES (335, 3, 9, 5, 0, '2024-11-19 01:32:02', '2024-11-19 01:32:02');
INSERT INTO `menu_roles` VALUES (336, 4, 9, 1, 0, '2024-11-19 01:32:02', '2024-11-19 01:32:02');
INSERT INTO `menu_roles` VALUES (337, 4, 9, 2, 0, '2024-11-19 01:32:02', '2024-11-19 01:32:02');
INSERT INTO `menu_roles` VALUES (338, 4, 9, 3, 0, '2024-11-19 01:32:02', '2024-11-19 01:32:02');
INSERT INTO `menu_roles` VALUES (339, 4, 9, 4, 0, '2024-11-19 01:32:02', '2024-11-19 01:32:02');
INSERT INTO `menu_roles` VALUES (340, 4, 9, 5, 0, '2024-11-19 01:32:02', '2024-11-19 01:32:02');
INSERT INTO `menu_roles` VALUES (341, 5, 9, 1, 1, '2024-11-19 01:32:02', '2024-11-19 01:32:02');
INSERT INTO `menu_roles` VALUES (342, 5, 9, 2, 1, '2024-11-19 01:32:02', '2024-11-19 01:32:02');
INSERT INTO `menu_roles` VALUES (343, 5, 9, 3, 1, '2024-11-19 01:32:02', '2024-11-19 01:32:02');
INSERT INTO `menu_roles` VALUES (344, 5, 9, 4, 1, '2024-11-19 01:32:02', '2024-11-19 01:32:02');
INSERT INTO `menu_roles` VALUES (345, 5, 9, 5, 1, '2024-11-19 01:32:02', '2024-11-19 01:32:02');
INSERT INTO `menu_roles` VALUES (346, 6, 9, 1, 0, '2024-11-19 01:32:02', '2024-11-19 01:32:02');
INSERT INTO `menu_roles` VALUES (347, 6, 9, 2, 0, '2024-11-19 01:32:02', '2024-11-19 01:32:02');
INSERT INTO `menu_roles` VALUES (348, 6, 9, 3, 0, '2024-11-19 01:32:02', '2024-11-19 01:32:02');
INSERT INTO `menu_roles` VALUES (349, 6, 9, 4, 0, '2024-11-19 01:32:02', '2024-11-19 01:32:02');
INSERT INTO `menu_roles` VALUES (350, 6, 9, 5, 0, '2024-11-19 01:32:02', '2024-11-19 01:32:02');
INSERT INTO `menu_roles` VALUES (351, 7, 9, 1, 1, '2024-11-19 01:32:02', '2024-11-19 01:32:02');
INSERT INTO `menu_roles` VALUES (352, 7, 9, 2, 1, '2024-11-19 01:32:02', '2024-11-19 01:32:02');
INSERT INTO `menu_roles` VALUES (353, 7, 9, 3, 1, '2024-11-19 01:32:02', '2024-11-19 01:32:02');
INSERT INTO `menu_roles` VALUES (354, 7, 9, 4, 1, '2024-11-19 01:32:02', '2024-11-19 01:32:02');
INSERT INTO `menu_roles` VALUES (355, 7, 9, 5, 1, '2024-11-19 01:32:02', '2024-11-19 01:32:02');
INSERT INTO `menu_roles` VALUES (356, 8, 9, 1, 0, '2024-11-19 01:32:02', '2024-11-19 01:32:02');
INSERT INTO `menu_roles` VALUES (357, 8, 9, 2, 0, '2024-11-19 01:32:02', '2024-11-19 01:32:02');
INSERT INTO `menu_roles` VALUES (358, 8, 9, 3, 0, '2024-11-19 01:32:02', '2024-11-19 01:32:02');
INSERT INTO `menu_roles` VALUES (359, 8, 9, 4, 0, '2024-11-19 01:32:02', '2024-11-19 01:32:02');
INSERT INTO `menu_roles` VALUES (360, 8, 9, 5, 0, '2024-11-19 01:32:02', '2024-11-19 01:32:02');
INSERT INTO `menu_roles` VALUES (361, 9, 9, 1, 1, '2024-11-19 01:32:02', '2024-11-19 01:32:02');
INSERT INTO `menu_roles` VALUES (362, 9, 9, 2, 1, '2024-11-19 01:32:02', '2024-11-19 01:32:02');
INSERT INTO `menu_roles` VALUES (363, 9, 9, 3, 1, '2024-11-19 01:32:02', '2024-11-19 01:32:02');
INSERT INTO `menu_roles` VALUES (364, 9, 9, 4, 1, '2024-11-19 01:32:02', '2024-11-19 01:32:02');
INSERT INTO `menu_roles` VALUES (365, 9, 9, 5, 1, '2024-11-19 01:32:02', '2024-11-19 01:32:02');
INSERT INTO `menu_roles` VALUES (366, 10, 9, 1, 1, '2024-11-19 01:32:02', '2024-11-19 01:32:02');
INSERT INTO `menu_roles` VALUES (367, 10, 9, 2, 1, '2024-11-19 01:32:02', '2024-11-19 01:32:02');
INSERT INTO `menu_roles` VALUES (368, 10, 9, 3, 1, '2024-11-19 01:32:02', '2024-11-19 01:32:02');
INSERT INTO `menu_roles` VALUES (369, 10, 9, 4, 1, '2024-11-19 01:32:02', '2024-11-19 01:32:02');
INSERT INTO `menu_roles` VALUES (370, 10, 9, 5, 1, '2024-11-19 01:32:02', '2024-11-19 01:32:02');
INSERT INTO `menu_roles` VALUES (371, 11, 9, 1, 0, '2024-11-19 01:32:02', '2024-11-19 01:32:02');
INSERT INTO `menu_roles` VALUES (372, 11, 9, 2, 0, '2024-11-19 01:32:02', '2024-11-19 01:32:02');
INSERT INTO `menu_roles` VALUES (373, 11, 9, 3, 0, '2024-11-19 01:32:02', '2024-11-19 01:32:02');
INSERT INTO `menu_roles` VALUES (374, 11, 9, 4, 0, '2024-11-19 01:32:02', '2024-11-19 01:32:02');
INSERT INTO `menu_roles` VALUES (375, 11, 9, 5, 0, '2024-11-19 01:32:02', '2024-11-19 01:32:02');
INSERT INTO `menu_roles` VALUES (376, 12, 9, 1, 0, '2024-11-19 01:32:02', '2024-11-19 01:32:02');
INSERT INTO `menu_roles` VALUES (377, 12, 9, 2, 0, '2024-11-19 01:32:02', '2024-11-19 01:32:02');
INSERT INTO `menu_roles` VALUES (378, 12, 9, 3, 0, '2024-11-19 01:32:02', '2024-11-19 01:32:02');
INSERT INTO `menu_roles` VALUES (379, 12, 9, 4, 0, '2024-11-19 01:32:02', '2024-11-19 01:32:02');
INSERT INTO `menu_roles` VALUES (380, 12, 9, 5, 0, '2024-11-19 01:32:02', '2024-11-19 01:32:02');
INSERT INTO `menu_roles` VALUES (381, 1, 11, 1, 1, '2024-11-19 01:32:17', '2024-11-19 01:33:34');
INSERT INTO `menu_roles` VALUES (382, 1, 11, 2, 0, '2024-11-19 01:32:17', '2024-11-19 01:32:17');
INSERT INTO `menu_roles` VALUES (383, 1, 11, 3, 0, '2024-11-19 01:32:17', '2024-11-19 01:32:17');
INSERT INTO `menu_roles` VALUES (384, 1, 11, 4, 0, '2024-11-19 01:32:17', '2024-11-19 01:32:17');
INSERT INTO `menu_roles` VALUES (385, 1, 11, 5, 0, '2024-11-19 01:32:17', '2024-11-19 01:32:17');
INSERT INTO `menu_roles` VALUES (386, 2, 11, 1, 0, '2024-11-19 01:32:17', '2024-11-19 01:32:17');
INSERT INTO `menu_roles` VALUES (387, 2, 11, 2, 0, '2024-11-19 01:32:17', '2024-11-19 01:32:17');
INSERT INTO `menu_roles` VALUES (388, 2, 11, 3, 0, '2024-11-19 01:32:17', '2024-11-19 01:32:17');
INSERT INTO `menu_roles` VALUES (389, 2, 11, 4, 0, '2024-11-19 01:32:17', '2024-11-19 01:32:17');
INSERT INTO `menu_roles` VALUES (390, 2, 11, 5, 0, '2024-11-19 01:32:17', '2024-11-19 01:32:17');
INSERT INTO `menu_roles` VALUES (391, 3, 11, 1, 0, '2024-11-19 01:32:17', '2024-11-19 01:32:17');
INSERT INTO `menu_roles` VALUES (392, 3, 11, 2, 0, '2024-11-19 01:32:17', '2024-11-19 01:32:17');
INSERT INTO `menu_roles` VALUES (393, 3, 11, 3, 0, '2024-11-19 01:32:17', '2024-11-19 01:32:17');
INSERT INTO `menu_roles` VALUES (394, 3, 11, 4, 0, '2024-11-19 01:32:17', '2024-11-19 01:32:17');
INSERT INTO `menu_roles` VALUES (395, 3, 11, 5, 0, '2024-11-19 01:32:17', '2024-11-19 01:32:17');
INSERT INTO `menu_roles` VALUES (396, 4, 11, 1, 0, '2024-11-19 01:32:17', '2024-11-19 01:32:17');
INSERT INTO `menu_roles` VALUES (397, 4, 11, 2, 0, '2024-11-19 01:32:17', '2024-11-19 01:32:17');
INSERT INTO `menu_roles` VALUES (398, 4, 11, 3, 0, '2024-11-19 01:32:17', '2024-11-19 01:32:17');
INSERT INTO `menu_roles` VALUES (399, 4, 11, 4, 0, '2024-11-19 01:32:17', '2024-11-19 01:32:17');
INSERT INTO `menu_roles` VALUES (400, 4, 11, 5, 0, '2024-11-19 01:32:17', '2024-11-19 01:32:17');
INSERT INTO `menu_roles` VALUES (401, 5, 11, 1, 0, '2024-11-19 01:32:17', '2024-11-19 01:32:17');
INSERT INTO `menu_roles` VALUES (402, 5, 11, 2, 0, '2024-11-19 01:32:17', '2024-11-19 01:32:17');
INSERT INTO `menu_roles` VALUES (403, 5, 11, 3, 0, '2024-11-19 01:32:17', '2024-11-19 01:32:17');
INSERT INTO `menu_roles` VALUES (404, 5, 11, 4, 0, '2024-11-19 01:32:17', '2024-11-19 01:32:17');
INSERT INTO `menu_roles` VALUES (405, 5, 11, 5, 0, '2024-11-19 01:32:17', '2024-11-19 01:32:17');
INSERT INTO `menu_roles` VALUES (406, 6, 11, 1, 0, '2024-11-19 01:32:17', '2024-11-19 01:32:17');
INSERT INTO `menu_roles` VALUES (407, 6, 11, 2, 0, '2024-11-19 01:32:17', '2024-11-19 01:32:17');
INSERT INTO `menu_roles` VALUES (408, 6, 11, 3, 0, '2024-11-19 01:32:17', '2024-11-19 01:32:17');
INSERT INTO `menu_roles` VALUES (409, 6, 11, 4, 0, '2024-11-19 01:32:17', '2024-11-19 01:32:17');
INSERT INTO `menu_roles` VALUES (410, 6, 11, 5, 0, '2024-11-19 01:32:17', '2024-11-19 01:32:17');
INSERT INTO `menu_roles` VALUES (411, 7, 11, 1, 0, '2024-11-19 01:32:17', '2024-11-19 01:32:17');
INSERT INTO `menu_roles` VALUES (412, 7, 11, 2, 0, '2024-11-19 01:32:17', '2024-11-19 01:32:17');
INSERT INTO `menu_roles` VALUES (413, 7, 11, 3, 0, '2024-11-19 01:32:17', '2024-11-19 01:32:17');
INSERT INTO `menu_roles` VALUES (414, 7, 11, 4, 0, '2024-11-19 01:32:17', '2024-11-19 01:32:17');
INSERT INTO `menu_roles` VALUES (415, 7, 11, 5, 0, '2024-11-19 01:32:17', '2024-11-19 01:32:17');
INSERT INTO `menu_roles` VALUES (416, 8, 11, 1, 0, '2024-11-19 01:32:17', '2024-11-19 01:32:17');
INSERT INTO `menu_roles` VALUES (417, 8, 11, 2, 0, '2024-11-19 01:32:17', '2024-11-19 01:32:17');
INSERT INTO `menu_roles` VALUES (418, 8, 11, 3, 0, '2024-11-19 01:32:17', '2024-11-19 01:32:17');
INSERT INTO `menu_roles` VALUES (419, 8, 11, 4, 0, '2024-11-19 01:32:17', '2024-11-19 01:32:17');
INSERT INTO `menu_roles` VALUES (420, 8, 11, 5, 0, '2024-11-19 01:32:17', '2024-11-19 01:32:17');
INSERT INTO `menu_roles` VALUES (421, 9, 11, 1, 0, '2024-11-19 01:32:17', '2024-11-19 01:32:17');
INSERT INTO `menu_roles` VALUES (422, 9, 11, 2, 0, '2024-11-19 01:32:17', '2024-11-19 01:32:17');
INSERT INTO `menu_roles` VALUES (423, 9, 11, 3, 0, '2024-11-19 01:32:17', '2024-11-19 01:32:17');
INSERT INTO `menu_roles` VALUES (424, 9, 11, 4, 0, '2024-11-19 01:32:17', '2024-11-19 01:32:17');
INSERT INTO `menu_roles` VALUES (425, 9, 11, 5, 0, '2024-11-19 01:32:17', '2024-11-19 01:32:17');
INSERT INTO `menu_roles` VALUES (426, 10, 11, 1, 0, '2024-11-19 01:32:17', '2024-11-19 01:32:17');
INSERT INTO `menu_roles` VALUES (427, 10, 11, 2, 0, '2024-11-19 01:32:17', '2024-11-19 01:32:17');
INSERT INTO `menu_roles` VALUES (428, 10, 11, 3, 0, '2024-11-19 01:32:17', '2024-11-19 01:32:17');
INSERT INTO `menu_roles` VALUES (429, 10, 11, 4, 0, '2024-11-19 01:32:17', '2024-11-19 01:32:17');
INSERT INTO `menu_roles` VALUES (430, 10, 11, 5, 0, '2024-11-19 01:32:17', '2024-11-19 01:32:17');
INSERT INTO `menu_roles` VALUES (431, 11, 11, 1, 0, '2024-11-19 01:32:17', '2024-11-19 01:32:17');
INSERT INTO `menu_roles` VALUES (432, 11, 11, 2, 0, '2024-11-19 01:32:17', '2024-11-19 01:32:17');
INSERT INTO `menu_roles` VALUES (433, 11, 11, 3, 0, '2024-11-19 01:32:17', '2024-11-19 01:32:17');
INSERT INTO `menu_roles` VALUES (434, 11, 11, 4, 0, '2024-11-19 01:32:17', '2024-11-19 01:32:17');
INSERT INTO `menu_roles` VALUES (435, 11, 11, 5, 0, '2024-11-19 01:32:17', '2024-11-19 01:32:17');
INSERT INTO `menu_roles` VALUES (436, 12, 11, 1, 1, '2024-11-19 01:32:17', '2024-11-19 01:32:17');
INSERT INTO `menu_roles` VALUES (437, 12, 11, 2, 1, '2024-11-19 01:32:17', '2024-11-19 01:32:17');
INSERT INTO `menu_roles` VALUES (438, 12, 11, 3, 1, '2024-11-19 01:32:17', '2024-11-19 01:32:17');
INSERT INTO `menu_roles` VALUES (439, 12, 11, 4, 1, '2024-11-19 01:32:17', '2024-11-19 01:32:17');
INSERT INTO `menu_roles` VALUES (440, 12, 11, 5, 1, '2024-11-19 01:32:17', '2024-11-19 01:32:17');
INSERT INTO `menu_roles` VALUES (441, 1, 12, 1, 1, '2024-11-19 01:32:28', '2024-11-19 01:33:30');
INSERT INTO `menu_roles` VALUES (442, 1, 12, 2, 0, '2024-11-19 01:32:28', '2024-11-19 01:32:28');
INSERT INTO `menu_roles` VALUES (443, 1, 12, 3, 0, '2024-11-19 01:32:28', '2024-11-19 01:32:28');
INSERT INTO `menu_roles` VALUES (444, 1, 12, 4, 0, '2024-11-19 01:32:28', '2024-11-19 01:32:28');
INSERT INTO `menu_roles` VALUES (445, 1, 12, 5, 0, '2024-11-19 01:32:28', '2024-11-19 01:32:28');
INSERT INTO `menu_roles` VALUES (446, 2, 12, 1, 0, '2024-11-19 01:32:28', '2024-11-19 01:32:28');
INSERT INTO `menu_roles` VALUES (447, 2, 12, 2, 0, '2024-11-19 01:32:28', '2024-11-19 01:32:28');
INSERT INTO `menu_roles` VALUES (448, 2, 12, 3, 0, '2024-11-19 01:32:28', '2024-11-19 01:32:28');
INSERT INTO `menu_roles` VALUES (449, 2, 12, 4, 0, '2024-11-19 01:32:28', '2024-11-19 01:32:28');
INSERT INTO `menu_roles` VALUES (450, 2, 12, 5, 0, '2024-11-19 01:32:28', '2024-11-19 01:32:28');
INSERT INTO `menu_roles` VALUES (451, 3, 12, 1, 0, '2024-11-19 01:32:28', '2024-11-19 01:32:28');
INSERT INTO `menu_roles` VALUES (452, 3, 12, 2, 0, '2024-11-19 01:32:28', '2024-11-19 01:32:28');
INSERT INTO `menu_roles` VALUES (453, 3, 12, 3, 0, '2024-11-19 01:32:28', '2024-11-19 01:32:28');
INSERT INTO `menu_roles` VALUES (454, 3, 12, 4, 0, '2024-11-19 01:32:28', '2024-11-19 01:32:28');
INSERT INTO `menu_roles` VALUES (455, 3, 12, 5, 0, '2024-11-19 01:32:28', '2024-11-19 01:32:28');
INSERT INTO `menu_roles` VALUES (456, 4, 12, 1, 0, '2024-11-19 01:32:28', '2024-11-19 01:32:28');
INSERT INTO `menu_roles` VALUES (457, 4, 12, 2, 0, '2024-11-19 01:32:28', '2024-11-19 01:32:28');
INSERT INTO `menu_roles` VALUES (458, 4, 12, 3, 0, '2024-11-19 01:32:28', '2024-11-19 01:32:28');
INSERT INTO `menu_roles` VALUES (459, 4, 12, 4, 0, '2024-11-19 01:32:28', '2024-11-19 01:32:28');
INSERT INTO `menu_roles` VALUES (460, 4, 12, 5, 0, '2024-11-19 01:32:28', '2024-11-19 01:32:28');
INSERT INTO `menu_roles` VALUES (461, 5, 12, 1, 0, '2024-11-19 01:32:28', '2024-11-19 01:32:28');
INSERT INTO `menu_roles` VALUES (462, 5, 12, 2, 0, '2024-11-19 01:32:28', '2024-11-19 01:32:28');
INSERT INTO `menu_roles` VALUES (463, 5, 12, 3, 0, '2024-11-19 01:32:28', '2024-11-19 01:32:28');
INSERT INTO `menu_roles` VALUES (464, 5, 12, 4, 0, '2024-11-19 01:32:28', '2024-11-19 01:32:28');
INSERT INTO `menu_roles` VALUES (465, 5, 12, 5, 0, '2024-11-19 01:32:28', '2024-11-19 01:32:28');
INSERT INTO `menu_roles` VALUES (466, 6, 12, 1, 0, '2024-11-19 01:32:28', '2024-11-19 01:32:28');
INSERT INTO `menu_roles` VALUES (467, 6, 12, 2, 0, '2024-11-19 01:32:28', '2024-11-19 01:32:28');
INSERT INTO `menu_roles` VALUES (468, 6, 12, 3, 0, '2024-11-19 01:32:28', '2024-11-19 01:32:28');
INSERT INTO `menu_roles` VALUES (469, 6, 12, 4, 0, '2024-11-19 01:32:28', '2024-11-19 01:32:28');
INSERT INTO `menu_roles` VALUES (470, 6, 12, 5, 0, '2024-11-19 01:32:28', '2024-11-19 01:32:28');
INSERT INTO `menu_roles` VALUES (471, 7, 12, 1, 0, '2024-11-19 01:32:28', '2024-11-19 01:32:28');
INSERT INTO `menu_roles` VALUES (472, 7, 12, 2, 0, '2024-11-19 01:32:28', '2024-11-19 01:32:28');
INSERT INTO `menu_roles` VALUES (473, 7, 12, 3, 0, '2024-11-19 01:32:28', '2024-11-19 01:32:28');
INSERT INTO `menu_roles` VALUES (474, 7, 12, 4, 0, '2024-11-19 01:32:28', '2024-11-19 01:32:28');
INSERT INTO `menu_roles` VALUES (475, 7, 12, 5, 0, '2024-11-19 01:32:28', '2024-11-19 01:32:28');
INSERT INTO `menu_roles` VALUES (476, 8, 12, 1, 1, '2024-11-19 01:32:28', '2024-11-19 01:32:28');
INSERT INTO `menu_roles` VALUES (477, 8, 12, 2, 1, '2024-11-19 01:32:28', '2024-11-19 01:32:28');
INSERT INTO `menu_roles` VALUES (478, 8, 12, 3, 1, '2024-11-19 01:32:28', '2024-11-19 01:32:28');
INSERT INTO `menu_roles` VALUES (479, 8, 12, 4, 1, '2024-11-19 01:32:28', '2024-11-19 01:32:28');
INSERT INTO `menu_roles` VALUES (480, 8, 12, 5, 1, '2024-11-19 01:32:28', '2024-11-19 01:32:28');
INSERT INTO `menu_roles` VALUES (481, 9, 12, 1, 0, '2024-11-19 01:32:28', '2024-11-19 01:32:28');
INSERT INTO `menu_roles` VALUES (482, 9, 12, 2, 0, '2024-11-19 01:32:28', '2024-11-19 01:32:28');
INSERT INTO `menu_roles` VALUES (483, 9, 12, 3, 0, '2024-11-19 01:32:28', '2024-11-19 01:32:28');
INSERT INTO `menu_roles` VALUES (484, 9, 12, 4, 0, '2024-11-19 01:32:28', '2024-11-19 01:32:28');
INSERT INTO `menu_roles` VALUES (485, 9, 12, 5, 0, '2024-11-19 01:32:28', '2024-11-19 01:32:28');
INSERT INTO `menu_roles` VALUES (486, 10, 12, 1, 0, '2024-11-19 01:32:28', '2024-11-19 01:32:28');
INSERT INTO `menu_roles` VALUES (487, 10, 12, 2, 0, '2024-11-19 01:32:28', '2024-11-19 01:32:28');
INSERT INTO `menu_roles` VALUES (488, 10, 12, 3, 0, '2024-11-19 01:32:28', '2024-11-19 01:32:28');
INSERT INTO `menu_roles` VALUES (489, 10, 12, 4, 0, '2024-11-19 01:32:28', '2024-11-19 01:32:28');
INSERT INTO `menu_roles` VALUES (490, 10, 12, 5, 0, '2024-11-19 01:32:28', '2024-11-19 01:32:28');
INSERT INTO `menu_roles` VALUES (491, 11, 12, 1, 0, '2024-11-19 01:32:28', '2024-11-19 01:32:28');
INSERT INTO `menu_roles` VALUES (492, 11, 12, 2, 0, '2024-11-19 01:32:28', '2024-11-19 01:32:28');
INSERT INTO `menu_roles` VALUES (493, 11, 12, 3, 0, '2024-11-19 01:32:28', '2024-11-19 01:32:28');
INSERT INTO `menu_roles` VALUES (494, 11, 12, 4, 0, '2024-11-19 01:32:28', '2024-11-19 01:32:28');
INSERT INTO `menu_roles` VALUES (495, 11, 12, 5, 0, '2024-11-19 01:32:28', '2024-11-19 01:32:28');
INSERT INTO `menu_roles` VALUES (496, 12, 12, 1, 0, '2024-11-19 01:32:28', '2024-11-19 01:32:28');
INSERT INTO `menu_roles` VALUES (497, 12, 12, 2, 0, '2024-11-19 01:32:28', '2024-11-19 01:32:28');
INSERT INTO `menu_roles` VALUES (498, 12, 12, 3, 0, '2024-11-19 01:32:28', '2024-11-19 01:32:28');
INSERT INTO `menu_roles` VALUES (499, 12, 12, 4, 0, '2024-11-19 01:32:28', '2024-11-19 01:32:28');
INSERT INTO `menu_roles` VALUES (500, 12, 12, 5, 0, '2024-11-19 01:32:28', '2024-11-19 01:32:28');
INSERT INTO `menu_roles` VALUES (501, 1, 13, 1, 1, '2024-11-19 01:32:37', '2024-11-19 01:33:25');
INSERT INTO `menu_roles` VALUES (502, 1, 13, 2, 0, '2024-11-19 01:32:37', '2024-11-19 01:32:37');
INSERT INTO `menu_roles` VALUES (503, 1, 13, 3, 0, '2024-11-19 01:32:37', '2024-11-19 01:32:37');
INSERT INTO `menu_roles` VALUES (504, 1, 13, 4, 0, '2024-11-19 01:32:37', '2024-11-19 01:32:37');
INSERT INTO `menu_roles` VALUES (505, 1, 13, 5, 0, '2024-11-19 01:32:37', '2024-11-19 01:32:37');
INSERT INTO `menu_roles` VALUES (506, 2, 13, 1, 0, '2024-11-19 01:32:37', '2024-11-19 01:32:37');
INSERT INTO `menu_roles` VALUES (507, 2, 13, 2, 0, '2024-11-19 01:32:37', '2024-11-19 01:32:37');
INSERT INTO `menu_roles` VALUES (508, 2, 13, 3, 0, '2024-11-19 01:32:37', '2024-11-19 01:32:37');
INSERT INTO `menu_roles` VALUES (509, 2, 13, 4, 0, '2024-11-19 01:32:37', '2024-11-19 01:32:37');
INSERT INTO `menu_roles` VALUES (510, 2, 13, 5, 0, '2024-11-19 01:32:37', '2024-11-19 01:32:37');
INSERT INTO `menu_roles` VALUES (511, 3, 13, 1, 0, '2024-11-19 01:32:37', '2024-11-19 01:32:37');
INSERT INTO `menu_roles` VALUES (512, 3, 13, 2, 0, '2024-11-19 01:32:37', '2024-11-19 01:32:37');
INSERT INTO `menu_roles` VALUES (513, 3, 13, 3, 0, '2024-11-19 01:32:37', '2024-11-19 01:32:37');
INSERT INTO `menu_roles` VALUES (514, 3, 13, 4, 0, '2024-11-19 01:32:37', '2024-11-19 01:32:37');
INSERT INTO `menu_roles` VALUES (515, 3, 13, 5, 0, '2024-11-19 01:32:37', '2024-11-19 01:32:37');
INSERT INTO `menu_roles` VALUES (516, 4, 13, 1, 0, '2024-11-19 01:32:37', '2024-11-19 01:32:37');
INSERT INTO `menu_roles` VALUES (517, 4, 13, 2, 0, '2024-11-19 01:32:37', '2024-11-19 01:32:37');
INSERT INTO `menu_roles` VALUES (518, 4, 13, 3, 0, '2024-11-19 01:32:37', '2024-11-19 01:32:37');
INSERT INTO `menu_roles` VALUES (519, 4, 13, 4, 0, '2024-11-19 01:32:37', '2024-11-19 01:32:37');
INSERT INTO `menu_roles` VALUES (520, 4, 13, 5, 0, '2024-11-19 01:32:37', '2024-11-19 01:32:37');
INSERT INTO `menu_roles` VALUES (521, 5, 13, 1, 0, '2024-11-19 01:32:37', '2024-11-19 01:32:37');
INSERT INTO `menu_roles` VALUES (522, 5, 13, 2, 0, '2024-11-19 01:32:37', '2024-11-19 01:32:37');
INSERT INTO `menu_roles` VALUES (523, 5, 13, 3, 0, '2024-11-19 01:32:37', '2024-11-19 01:32:37');
INSERT INTO `menu_roles` VALUES (524, 5, 13, 4, 0, '2024-11-19 01:32:37', '2024-11-19 01:32:37');
INSERT INTO `menu_roles` VALUES (525, 5, 13, 5, 0, '2024-11-19 01:32:37', '2024-11-19 01:32:37');
INSERT INTO `menu_roles` VALUES (526, 6, 13, 1, 1, '2024-11-19 01:32:37', '2024-11-19 01:32:37');
INSERT INTO `menu_roles` VALUES (527, 6, 13, 2, 1, '2024-11-19 01:32:37', '2024-11-19 01:32:37');
INSERT INTO `menu_roles` VALUES (528, 6, 13, 3, 1, '2024-11-19 01:32:37', '2024-11-19 01:32:37');
INSERT INTO `menu_roles` VALUES (529, 6, 13, 4, 1, '2024-11-19 01:32:37', '2024-11-19 01:32:37');
INSERT INTO `menu_roles` VALUES (530, 6, 13, 5, 1, '2024-11-19 01:32:37', '2024-11-19 01:32:37');
INSERT INTO `menu_roles` VALUES (531, 7, 13, 1, 0, '2024-11-19 01:32:37', '2024-11-19 01:32:37');
INSERT INTO `menu_roles` VALUES (532, 7, 13, 2, 0, '2024-11-19 01:32:37', '2024-11-19 01:32:37');
INSERT INTO `menu_roles` VALUES (533, 7, 13, 3, 0, '2024-11-19 01:32:37', '2024-11-19 01:32:37');
INSERT INTO `menu_roles` VALUES (534, 7, 13, 4, 0, '2024-11-19 01:32:37', '2024-11-19 01:32:37');
INSERT INTO `menu_roles` VALUES (535, 7, 13, 5, 0, '2024-11-19 01:32:37', '2024-11-19 01:32:37');
INSERT INTO `menu_roles` VALUES (536, 8, 13, 1, 0, '2024-11-19 01:32:37', '2024-11-19 01:32:37');
INSERT INTO `menu_roles` VALUES (537, 8, 13, 2, 0, '2024-11-19 01:32:37', '2024-11-19 01:32:37');
INSERT INTO `menu_roles` VALUES (538, 8, 13, 3, 0, '2024-11-19 01:32:37', '2024-11-19 01:32:37');
INSERT INTO `menu_roles` VALUES (539, 8, 13, 4, 0, '2024-11-19 01:32:37', '2024-11-19 01:32:37');
INSERT INTO `menu_roles` VALUES (540, 8, 13, 5, 0, '2024-11-19 01:32:37', '2024-11-19 01:32:37');
INSERT INTO `menu_roles` VALUES (541, 9, 13, 1, 0, '2024-11-19 01:32:37', '2024-11-19 01:32:37');
INSERT INTO `menu_roles` VALUES (542, 9, 13, 2, 0, '2024-11-19 01:32:37', '2024-11-19 01:32:37');
INSERT INTO `menu_roles` VALUES (543, 9, 13, 3, 0, '2024-11-19 01:32:37', '2024-11-19 01:32:37');
INSERT INTO `menu_roles` VALUES (544, 9, 13, 4, 0, '2024-11-19 01:32:37', '2024-11-19 01:32:37');
INSERT INTO `menu_roles` VALUES (545, 9, 13, 5, 0, '2024-11-19 01:32:37', '2024-11-19 01:32:37');
INSERT INTO `menu_roles` VALUES (546, 10, 13, 1, 0, '2024-11-19 01:32:37', '2024-11-19 01:32:37');
INSERT INTO `menu_roles` VALUES (547, 10, 13, 2, 0, '2024-11-19 01:32:37', '2024-11-19 01:32:37');
INSERT INTO `menu_roles` VALUES (548, 10, 13, 3, 0, '2024-11-19 01:32:37', '2024-11-19 01:32:37');
INSERT INTO `menu_roles` VALUES (549, 10, 13, 4, 0, '2024-11-19 01:32:37', '2024-11-19 01:32:37');
INSERT INTO `menu_roles` VALUES (550, 10, 13, 5, 0, '2024-11-19 01:32:37', '2024-11-19 01:32:37');
INSERT INTO `menu_roles` VALUES (551, 11, 13, 1, 0, '2024-11-19 01:32:37', '2024-11-19 01:32:37');
INSERT INTO `menu_roles` VALUES (552, 11, 13, 2, 0, '2024-11-19 01:32:37', '2024-11-19 01:32:37');
INSERT INTO `menu_roles` VALUES (553, 11, 13, 3, 0, '2024-11-19 01:32:37', '2024-11-19 01:32:37');
INSERT INTO `menu_roles` VALUES (554, 11, 13, 4, 0, '2024-11-19 01:32:37', '2024-11-19 01:32:37');
INSERT INTO `menu_roles` VALUES (555, 11, 13, 5, 0, '2024-11-19 01:32:37', '2024-11-19 01:32:37');
INSERT INTO `menu_roles` VALUES (556, 12, 13, 1, 0, '2024-11-19 01:32:37', '2024-11-19 01:32:37');
INSERT INTO `menu_roles` VALUES (557, 12, 13, 2, 0, '2024-11-19 01:32:37', '2024-11-19 01:32:37');
INSERT INTO `menu_roles` VALUES (558, 12, 13, 3, 0, '2024-11-19 01:32:37', '2024-11-19 01:32:37');
INSERT INTO `menu_roles` VALUES (559, 12, 13, 4, 0, '2024-11-19 01:32:37', '2024-11-19 01:32:37');
INSERT INTO `menu_roles` VALUES (560, 12, 13, 5, 0, '2024-11-19 01:32:37', '2024-11-19 01:32:37');
INSERT INTO `menu_roles` VALUES (561, 1, 15, 1, 1, '2024-11-19 01:32:46', '2024-11-19 01:33:16');
INSERT INTO `menu_roles` VALUES (562, 1, 15, 2, 0, '2024-11-19 01:32:46', '2024-11-19 01:32:46');
INSERT INTO `menu_roles` VALUES (563, 1, 15, 3, 0, '2024-11-19 01:32:46', '2024-11-19 01:32:46');
INSERT INTO `menu_roles` VALUES (564, 1, 15, 4, 0, '2024-11-19 01:32:46', '2024-11-19 01:32:46');
INSERT INTO `menu_roles` VALUES (565, 1, 15, 5, 0, '2024-11-19 01:32:46', '2024-11-19 01:32:46');
INSERT INTO `menu_roles` VALUES (566, 2, 15, 1, 0, '2024-11-19 01:32:46', '2024-11-19 01:32:46');
INSERT INTO `menu_roles` VALUES (567, 2, 15, 2, 0, '2024-11-19 01:32:46', '2024-11-19 01:32:46');
INSERT INTO `menu_roles` VALUES (568, 2, 15, 3, 0, '2024-11-19 01:32:46', '2024-11-19 01:32:46');
INSERT INTO `menu_roles` VALUES (569, 2, 15, 4, 0, '2024-11-19 01:32:46', '2024-11-19 01:32:46');
INSERT INTO `menu_roles` VALUES (570, 2, 15, 5, 0, '2024-11-19 01:32:46', '2024-11-19 01:32:46');
INSERT INTO `menu_roles` VALUES (571, 3, 15, 1, 0, '2024-11-19 01:32:46', '2024-11-19 01:32:46');
INSERT INTO `menu_roles` VALUES (572, 3, 15, 2, 0, '2024-11-19 01:32:46', '2024-11-19 01:32:46');
INSERT INTO `menu_roles` VALUES (573, 3, 15, 3, 0, '2024-11-19 01:32:46', '2024-11-19 01:32:46');
INSERT INTO `menu_roles` VALUES (574, 3, 15, 4, 0, '2024-11-19 01:32:46', '2024-11-19 01:32:46');
INSERT INTO `menu_roles` VALUES (575, 3, 15, 5, 0, '2024-11-19 01:32:46', '2024-11-19 01:32:46');
INSERT INTO `menu_roles` VALUES (576, 4, 15, 1, 0, '2024-11-19 01:32:46', '2024-11-19 01:32:46');
INSERT INTO `menu_roles` VALUES (577, 4, 15, 2, 0, '2024-11-19 01:32:46', '2024-11-19 01:32:46');
INSERT INTO `menu_roles` VALUES (578, 4, 15, 3, 0, '2024-11-19 01:32:46', '2024-11-19 01:32:46');
INSERT INTO `menu_roles` VALUES (579, 4, 15, 4, 0, '2024-11-19 01:32:46', '2024-11-19 01:32:46');
INSERT INTO `menu_roles` VALUES (580, 4, 15, 5, 0, '2024-11-19 01:32:46', '2024-11-19 01:32:46');
INSERT INTO `menu_roles` VALUES (581, 5, 15, 1, 0, '2024-11-19 01:32:46', '2024-11-19 01:32:46');
INSERT INTO `menu_roles` VALUES (582, 5, 15, 2, 0, '2024-11-19 01:32:46', '2024-11-19 01:32:46');
INSERT INTO `menu_roles` VALUES (583, 5, 15, 3, 0, '2024-11-19 01:32:46', '2024-11-19 01:32:46');
INSERT INTO `menu_roles` VALUES (584, 5, 15, 4, 0, '2024-11-19 01:32:46', '2024-11-19 01:32:46');
INSERT INTO `menu_roles` VALUES (585, 5, 15, 5, 0, '2024-11-19 01:32:46', '2024-11-19 01:32:46');
INSERT INTO `menu_roles` VALUES (586, 6, 15, 1, 0, '2024-11-19 01:32:46', '2024-11-19 01:32:46');
INSERT INTO `menu_roles` VALUES (587, 6, 15, 2, 0, '2024-11-19 01:32:46', '2024-11-19 01:32:46');
INSERT INTO `menu_roles` VALUES (588, 6, 15, 3, 0, '2024-11-19 01:32:46', '2024-11-19 01:32:46');
INSERT INTO `menu_roles` VALUES (589, 6, 15, 4, 0, '2024-11-19 01:32:46', '2024-11-19 01:32:46');
INSERT INTO `menu_roles` VALUES (590, 6, 15, 5, 0, '2024-11-19 01:32:46', '2024-11-19 01:32:46');
INSERT INTO `menu_roles` VALUES (591, 7, 15, 1, 0, '2024-11-19 01:32:46', '2024-11-19 01:32:46');
INSERT INTO `menu_roles` VALUES (592, 7, 15, 2, 0, '2024-11-19 01:32:46', '2024-11-19 01:32:46');
INSERT INTO `menu_roles` VALUES (593, 7, 15, 3, 0, '2024-11-19 01:32:47', '2024-11-19 01:32:47');
INSERT INTO `menu_roles` VALUES (594, 7, 15, 4, 0, '2024-11-19 01:32:47', '2024-11-19 01:32:47');
INSERT INTO `menu_roles` VALUES (595, 7, 15, 5, 0, '2024-11-19 01:32:47', '2024-11-19 01:32:47');
INSERT INTO `menu_roles` VALUES (596, 8, 15, 1, 0, '2024-11-19 01:32:47', '2024-11-19 01:32:47');
INSERT INTO `menu_roles` VALUES (597, 8, 15, 2, 0, '2024-11-19 01:32:47', '2024-11-19 01:32:47');
INSERT INTO `menu_roles` VALUES (598, 8, 15, 3, 0, '2024-11-19 01:32:47', '2024-11-19 01:32:47');
INSERT INTO `menu_roles` VALUES (599, 8, 15, 4, 0, '2024-11-19 01:32:47', '2024-11-19 01:32:47');
INSERT INTO `menu_roles` VALUES (600, 8, 15, 5, 0, '2024-11-19 01:32:47', '2024-11-19 01:32:47');
INSERT INTO `menu_roles` VALUES (601, 9, 15, 1, 0, '2024-11-19 01:32:47', '2024-11-19 01:32:47');
INSERT INTO `menu_roles` VALUES (602, 9, 15, 2, 0, '2024-11-19 01:32:47', '2024-11-19 01:32:47');
INSERT INTO `menu_roles` VALUES (603, 9, 15, 3, 0, '2024-11-19 01:32:47', '2024-11-19 01:32:47');
INSERT INTO `menu_roles` VALUES (604, 9, 15, 4, 0, '2024-11-19 01:32:47', '2024-11-19 01:32:47');
INSERT INTO `menu_roles` VALUES (605, 9, 15, 5, 0, '2024-11-19 01:32:47', '2024-11-19 01:32:47');
INSERT INTO `menu_roles` VALUES (606, 10, 15, 1, 0, '2024-11-19 01:32:47', '2024-11-19 01:32:47');
INSERT INTO `menu_roles` VALUES (607, 10, 15, 2, 0, '2024-11-19 01:32:47', '2024-11-19 01:32:47');
INSERT INTO `menu_roles` VALUES (608, 10, 15, 3, 0, '2024-11-19 01:32:47', '2024-11-19 01:32:47');
INSERT INTO `menu_roles` VALUES (609, 10, 15, 4, 0, '2024-11-19 01:32:47', '2024-11-19 01:32:47');
INSERT INTO `menu_roles` VALUES (610, 10, 15, 5, 0, '2024-11-19 01:32:47', '2024-11-19 01:32:47');
INSERT INTO `menu_roles` VALUES (611, 11, 15, 1, 1, '2024-11-19 01:32:47', '2024-11-19 01:32:47');
INSERT INTO `menu_roles` VALUES (612, 11, 15, 2, 1, '2024-11-19 01:32:47', '2024-11-19 01:32:47');
INSERT INTO `menu_roles` VALUES (613, 11, 15, 3, 1, '2024-11-19 01:32:47', '2024-11-19 01:32:47');
INSERT INTO `menu_roles` VALUES (614, 11, 15, 4, 1, '2024-11-19 01:32:47', '2024-11-19 01:32:47');
INSERT INTO `menu_roles` VALUES (615, 11, 15, 5, 1, '2024-11-19 01:32:47', '2024-11-19 01:32:47');
INSERT INTO `menu_roles` VALUES (616, 12, 15, 1, 0, '2024-11-19 01:32:47', '2024-11-19 01:32:47');
INSERT INTO `menu_roles` VALUES (617, 12, 15, 2, 0, '2024-11-19 01:32:47', '2024-11-19 01:32:47');
INSERT INTO `menu_roles` VALUES (618, 12, 15, 3, 0, '2024-11-19 01:32:47', '2024-11-19 01:32:47');
INSERT INTO `menu_roles` VALUES (619, 12, 15, 4, 0, '2024-11-19 01:32:47', '2024-11-19 01:32:47');
INSERT INTO `menu_roles` VALUES (620, 12, 15, 5, 0, '2024-11-19 01:32:47', '2024-11-19 01:32:47');
INSERT INTO `menu_roles` VALUES (621, 1, 19, 1, 1, '2024-11-19 01:32:59', '2024-11-19 01:32:59');
INSERT INTO `menu_roles` VALUES (622, 1, 19, 2, 0, '2024-11-19 01:32:59', '2024-11-19 01:32:59');
INSERT INTO `menu_roles` VALUES (623, 1, 19, 3, 0, '2024-11-19 01:32:59', '2024-11-19 01:32:59');
INSERT INTO `menu_roles` VALUES (624, 1, 19, 4, 0, '2024-11-19 01:32:59', '2024-11-19 01:32:59');
INSERT INTO `menu_roles` VALUES (625, 1, 19, 5, 0, '2024-11-19 01:32:59', '2024-11-19 01:32:59');
INSERT INTO `menu_roles` VALUES (626, 2, 19, 1, 0, '2024-11-19 01:32:59', '2024-11-19 01:32:59');
INSERT INTO `menu_roles` VALUES (627, 2, 19, 2, 0, '2024-11-19 01:32:59', '2024-11-19 01:32:59');
INSERT INTO `menu_roles` VALUES (628, 2, 19, 3, 0, '2024-11-19 01:32:59', '2024-11-19 01:32:59');
INSERT INTO `menu_roles` VALUES (629, 2, 19, 4, 0, '2024-11-19 01:32:59', '2024-11-19 01:32:59');
INSERT INTO `menu_roles` VALUES (630, 2, 19, 5, 0, '2024-11-19 01:32:59', '2024-11-19 01:32:59');
INSERT INTO `menu_roles` VALUES (631, 3, 19, 1, 0, '2024-11-19 01:32:59', '2024-11-19 01:32:59');
INSERT INTO `menu_roles` VALUES (632, 3, 19, 2, 0, '2024-11-19 01:32:59', '2024-11-19 01:32:59');
INSERT INTO `menu_roles` VALUES (633, 3, 19, 3, 0, '2024-11-19 01:32:59', '2024-11-19 01:32:59');
INSERT INTO `menu_roles` VALUES (634, 3, 19, 4, 0, '2024-11-19 01:32:59', '2024-11-19 01:32:59');
INSERT INTO `menu_roles` VALUES (635, 3, 19, 5, 0, '2024-11-19 01:32:59', '2024-11-19 01:32:59');
INSERT INTO `menu_roles` VALUES (636, 4, 19, 1, 0, '2024-11-19 01:33:00', '2024-11-19 01:33:00');
INSERT INTO `menu_roles` VALUES (637, 4, 19, 2, 0, '2024-11-19 01:33:00', '2024-11-19 01:33:00');
INSERT INTO `menu_roles` VALUES (638, 4, 19, 3, 0, '2024-11-19 01:33:00', '2024-11-19 01:33:00');
INSERT INTO `menu_roles` VALUES (639, 4, 19, 4, 0, '2024-11-19 01:33:00', '2024-11-19 01:33:00');
INSERT INTO `menu_roles` VALUES (640, 4, 19, 5, 0, '2024-11-19 01:33:00', '2024-11-19 01:33:00');
INSERT INTO `menu_roles` VALUES (641, 5, 19, 1, 0, '2024-11-19 01:33:00', '2024-11-19 01:33:00');
INSERT INTO `menu_roles` VALUES (642, 5, 19, 2, 0, '2024-11-19 01:33:00', '2024-11-19 01:33:00');
INSERT INTO `menu_roles` VALUES (643, 5, 19, 3, 0, '2024-11-19 01:33:00', '2024-11-19 01:33:00');
INSERT INTO `menu_roles` VALUES (644, 5, 19, 4, 0, '2024-11-19 01:33:00', '2024-11-19 01:33:00');
INSERT INTO `menu_roles` VALUES (645, 5, 19, 5, 0, '2024-11-19 01:33:00', '2024-11-19 01:33:00');
INSERT INTO `menu_roles` VALUES (646, 6, 19, 1, 0, '2024-11-19 01:33:00', '2024-11-19 01:33:00');
INSERT INTO `menu_roles` VALUES (647, 6, 19, 2, 0, '2024-11-19 01:33:00', '2024-11-19 01:33:00');
INSERT INTO `menu_roles` VALUES (648, 6, 19, 3, 0, '2024-11-19 01:33:00', '2024-11-19 01:33:00');
INSERT INTO `menu_roles` VALUES (649, 6, 19, 4, 0, '2024-11-19 01:33:00', '2024-11-19 01:33:00');
INSERT INTO `menu_roles` VALUES (650, 6, 19, 5, 0, '2024-11-19 01:33:00', '2024-11-19 01:33:00');
INSERT INTO `menu_roles` VALUES (651, 7, 19, 1, 0, '2024-11-19 01:33:00', '2024-11-19 01:33:00');
INSERT INTO `menu_roles` VALUES (652, 7, 19, 2, 0, '2024-11-19 01:33:00', '2024-11-19 01:33:00');
INSERT INTO `menu_roles` VALUES (653, 7, 19, 3, 0, '2024-11-19 01:33:00', '2024-11-19 01:33:00');
INSERT INTO `menu_roles` VALUES (654, 7, 19, 4, 0, '2024-11-19 01:33:00', '2024-11-19 01:33:00');
INSERT INTO `menu_roles` VALUES (655, 7, 19, 5, 0, '2024-11-19 01:33:00', '2024-11-19 01:33:00');
INSERT INTO `menu_roles` VALUES (656, 8, 19, 1, 0, '2024-11-19 01:33:00', '2024-11-19 01:33:00');
INSERT INTO `menu_roles` VALUES (657, 8, 19, 2, 0, '2024-11-19 01:33:00', '2024-11-19 01:33:00');
INSERT INTO `menu_roles` VALUES (658, 8, 19, 3, 0, '2024-11-19 01:33:00', '2024-11-19 01:33:00');
INSERT INTO `menu_roles` VALUES (659, 8, 19, 4, 0, '2024-11-19 01:33:00', '2024-11-19 01:33:00');
INSERT INTO `menu_roles` VALUES (660, 8, 19, 5, 0, '2024-11-19 01:33:00', '2024-11-19 01:33:00');
INSERT INTO `menu_roles` VALUES (661, 9, 19, 1, 0, '2024-11-19 01:33:00', '2024-11-19 01:33:00');
INSERT INTO `menu_roles` VALUES (662, 9, 19, 2, 0, '2024-11-19 01:33:00', '2024-11-19 01:33:00');
INSERT INTO `menu_roles` VALUES (663, 9, 19, 3, 0, '2024-11-19 01:33:00', '2024-11-19 01:33:00');
INSERT INTO `menu_roles` VALUES (664, 9, 19, 4, 0, '2024-11-19 01:33:00', '2024-11-19 01:33:00');
INSERT INTO `menu_roles` VALUES (665, 9, 19, 5, 0, '2024-11-19 01:33:00', '2024-11-19 01:33:00');
INSERT INTO `menu_roles` VALUES (666, 10, 19, 1, 0, '2024-11-19 01:33:00', '2024-11-19 01:33:00');
INSERT INTO `menu_roles` VALUES (667, 10, 19, 2, 0, '2024-11-19 01:33:00', '2024-11-19 01:33:00');
INSERT INTO `menu_roles` VALUES (668, 10, 19, 3, 0, '2024-11-19 01:33:00', '2024-11-19 01:33:00');
INSERT INTO `menu_roles` VALUES (669, 10, 19, 4, 0, '2024-11-19 01:33:00', '2024-11-19 01:33:00');
INSERT INTO `menu_roles` VALUES (670, 10, 19, 5, 0, '2024-11-19 01:33:00', '2024-11-19 01:33:00');
INSERT INTO `menu_roles` VALUES (671, 11, 19, 1, 0, '2024-11-19 01:33:00', '2024-11-19 01:33:00');
INSERT INTO `menu_roles` VALUES (672, 11, 19, 2, 0, '2024-11-19 01:33:00', '2024-11-19 01:33:00');
INSERT INTO `menu_roles` VALUES (673, 11, 19, 3, 0, '2024-11-19 01:33:00', '2024-11-19 01:33:00');
INSERT INTO `menu_roles` VALUES (674, 11, 19, 4, 0, '2024-11-19 01:33:00', '2024-11-19 01:33:00');
INSERT INTO `menu_roles` VALUES (675, 11, 19, 5, 0, '2024-11-19 01:33:00', '2024-11-19 01:33:00');
INSERT INTO `menu_roles` VALUES (676, 12, 19, 1, 0, '2024-11-19 01:33:00', '2024-11-19 01:33:00');
INSERT INTO `menu_roles` VALUES (677, 12, 19, 2, 0, '2024-11-19 01:33:00', '2024-11-19 01:33:00');
INSERT INTO `menu_roles` VALUES (678, 12, 19, 3, 0, '2024-11-19 01:33:00', '2024-11-19 01:33:00');
INSERT INTO `menu_roles` VALUES (679, 12, 19, 4, 0, '2024-11-19 01:33:00', '2024-11-19 01:33:00');
INSERT INTO `menu_roles` VALUES (680, 12, 19, 5, 0, '2024-11-19 01:33:00', '2024-11-19 01:33:00');
INSERT INTO `menu_roles` VALUES (681, 1, 18, 1, 1, '2024-11-19 01:33:04', '2024-11-19 01:33:04');
INSERT INTO `menu_roles` VALUES (682, 1, 18, 2, 0, '2024-11-19 01:33:04', '2024-11-19 01:33:04');
INSERT INTO `menu_roles` VALUES (683, 1, 18, 3, 0, '2024-11-19 01:33:04', '2024-11-19 01:33:04');
INSERT INTO `menu_roles` VALUES (684, 1, 18, 4, 0, '2024-11-19 01:33:04', '2024-11-19 01:33:04');
INSERT INTO `menu_roles` VALUES (685, 1, 18, 5, 0, '2024-11-19 01:33:04', '2024-11-19 01:33:04');
INSERT INTO `menu_roles` VALUES (686, 2, 18, 1, 0, '2024-11-19 01:33:04', '2024-11-19 01:33:04');
INSERT INTO `menu_roles` VALUES (687, 2, 18, 2, 0, '2024-11-19 01:33:04', '2024-11-19 01:33:04');
INSERT INTO `menu_roles` VALUES (688, 2, 18, 3, 0, '2024-11-19 01:33:04', '2024-11-19 01:33:04');
INSERT INTO `menu_roles` VALUES (689, 2, 18, 4, 0, '2024-11-19 01:33:04', '2024-11-19 01:33:04');
INSERT INTO `menu_roles` VALUES (690, 2, 18, 5, 0, '2024-11-19 01:33:04', '2024-11-19 01:33:04');
INSERT INTO `menu_roles` VALUES (691, 3, 18, 1, 0, '2024-11-19 01:33:04', '2024-11-19 01:33:04');
INSERT INTO `menu_roles` VALUES (692, 3, 18, 2, 0, '2024-11-19 01:33:04', '2024-11-19 01:33:04');
INSERT INTO `menu_roles` VALUES (693, 3, 18, 3, 0, '2024-11-19 01:33:04', '2024-11-19 01:33:04');
INSERT INTO `menu_roles` VALUES (694, 3, 18, 4, 0, '2024-11-19 01:33:04', '2024-11-19 01:33:04');
INSERT INTO `menu_roles` VALUES (695, 3, 18, 5, 0, '2024-11-19 01:33:04', '2024-11-19 01:33:04');
INSERT INTO `menu_roles` VALUES (696, 4, 18, 1, 0, '2024-11-19 01:33:04', '2024-11-19 01:33:04');
INSERT INTO `menu_roles` VALUES (697, 4, 18, 2, 0, '2024-11-19 01:33:04', '2024-11-19 01:33:04');
INSERT INTO `menu_roles` VALUES (698, 4, 18, 3, 0, '2024-11-19 01:33:04', '2024-11-19 01:33:04');
INSERT INTO `menu_roles` VALUES (699, 4, 18, 4, 0, '2024-11-19 01:33:04', '2024-11-19 01:33:04');
INSERT INTO `menu_roles` VALUES (700, 4, 18, 5, 0, '2024-11-19 01:33:04', '2024-11-19 01:33:04');
INSERT INTO `menu_roles` VALUES (701, 5, 18, 1, 0, '2024-11-19 01:33:04', '2024-11-19 01:33:04');
INSERT INTO `menu_roles` VALUES (702, 5, 18, 2, 0, '2024-11-19 01:33:04', '2024-11-19 01:33:04');
INSERT INTO `menu_roles` VALUES (703, 5, 18, 3, 0, '2024-11-19 01:33:04', '2024-11-19 01:33:04');
INSERT INTO `menu_roles` VALUES (704, 5, 18, 4, 0, '2024-11-19 01:33:04', '2024-11-19 01:33:04');
INSERT INTO `menu_roles` VALUES (705, 5, 18, 5, 0, '2024-11-19 01:33:04', '2024-11-19 01:33:04');
INSERT INTO `menu_roles` VALUES (706, 6, 18, 1, 0, '2024-11-19 01:33:04', '2024-11-19 01:33:04');
INSERT INTO `menu_roles` VALUES (707, 6, 18, 2, 0, '2024-11-19 01:33:04', '2024-11-19 01:33:04');
INSERT INTO `menu_roles` VALUES (708, 6, 18, 3, 0, '2024-11-19 01:33:04', '2024-11-19 01:33:04');
INSERT INTO `menu_roles` VALUES (709, 6, 18, 4, 0, '2024-11-19 01:33:04', '2024-11-19 01:33:04');
INSERT INTO `menu_roles` VALUES (710, 6, 18, 5, 0, '2024-11-19 01:33:04', '2024-11-19 01:33:04');
INSERT INTO `menu_roles` VALUES (711, 7, 18, 1, 0, '2024-11-19 01:33:04', '2024-11-19 01:33:04');
INSERT INTO `menu_roles` VALUES (712, 7, 18, 2, 0, '2024-11-19 01:33:04', '2024-11-19 01:33:04');
INSERT INTO `menu_roles` VALUES (713, 7, 18, 3, 0, '2024-11-19 01:33:04', '2024-11-19 01:33:04');
INSERT INTO `menu_roles` VALUES (714, 7, 18, 4, 0, '2024-11-19 01:33:04', '2024-11-19 01:33:04');
INSERT INTO `menu_roles` VALUES (715, 7, 18, 5, 0, '2024-11-19 01:33:04', '2024-11-19 01:33:04');
INSERT INTO `menu_roles` VALUES (716, 8, 18, 1, 0, '2024-11-19 01:33:04', '2024-11-19 01:33:04');
INSERT INTO `menu_roles` VALUES (717, 8, 18, 2, 0, '2024-11-19 01:33:04', '2024-11-19 01:33:04');
INSERT INTO `menu_roles` VALUES (718, 8, 18, 3, 0, '2024-11-19 01:33:04', '2024-11-19 01:33:04');
INSERT INTO `menu_roles` VALUES (719, 8, 18, 4, 0, '2024-11-19 01:33:04', '2024-11-19 01:33:04');
INSERT INTO `menu_roles` VALUES (720, 8, 18, 5, 0, '2024-11-19 01:33:04', '2024-11-19 01:33:04');
INSERT INTO `menu_roles` VALUES (721, 9, 18, 1, 0, '2024-11-19 01:33:04', '2024-11-19 01:33:04');
INSERT INTO `menu_roles` VALUES (722, 9, 18, 2, 0, '2024-11-19 01:33:04', '2024-11-19 01:33:04');
INSERT INTO `menu_roles` VALUES (723, 9, 18, 3, 0, '2024-11-19 01:33:04', '2024-11-19 01:33:04');
INSERT INTO `menu_roles` VALUES (724, 9, 18, 4, 0, '2024-11-19 01:33:04', '2024-11-19 01:33:04');
INSERT INTO `menu_roles` VALUES (725, 9, 18, 5, 0, '2024-11-19 01:33:04', '2024-11-19 01:33:04');
INSERT INTO `menu_roles` VALUES (726, 10, 18, 1, 0, '2024-11-19 01:33:04', '2024-11-19 01:33:04');
INSERT INTO `menu_roles` VALUES (727, 10, 18, 2, 0, '2024-11-19 01:33:04', '2024-11-19 01:33:04');
INSERT INTO `menu_roles` VALUES (728, 10, 18, 3, 0, '2024-11-19 01:33:04', '2024-11-19 01:33:04');
INSERT INTO `menu_roles` VALUES (729, 10, 18, 4, 0, '2024-11-19 01:33:04', '2024-11-19 01:33:04');
INSERT INTO `menu_roles` VALUES (730, 10, 18, 5, 0, '2024-11-19 01:33:04', '2024-11-19 01:33:04');
INSERT INTO `menu_roles` VALUES (731, 11, 18, 1, 0, '2024-11-19 01:33:04', '2024-11-19 01:33:04');
INSERT INTO `menu_roles` VALUES (732, 11, 18, 2, 0, '2024-11-19 01:33:04', '2024-11-19 01:33:04');
INSERT INTO `menu_roles` VALUES (733, 11, 18, 3, 0, '2024-11-19 01:33:04', '2024-11-19 01:33:04');
INSERT INTO `menu_roles` VALUES (734, 11, 18, 4, 0, '2024-11-19 01:33:04', '2024-11-19 01:33:04');
INSERT INTO `menu_roles` VALUES (735, 11, 18, 5, 0, '2024-11-19 01:33:04', '2024-11-19 01:33:04');
INSERT INTO `menu_roles` VALUES (736, 12, 18, 1, 0, '2024-11-19 01:33:04', '2024-11-19 01:33:04');
INSERT INTO `menu_roles` VALUES (737, 12, 18, 2, 0, '2024-11-19 01:33:04', '2024-11-19 01:33:04');
INSERT INTO `menu_roles` VALUES (738, 12, 18, 3, 0, '2024-11-19 01:33:04', '2024-11-19 01:33:04');
INSERT INTO `menu_roles` VALUES (739, 12, 18, 4, 0, '2024-11-19 01:33:04', '2024-11-19 01:33:04');
INSERT INTO `menu_roles` VALUES (740, 12, 18, 5, 0, '2024-11-19 01:33:04', '2024-11-19 01:33:04');
INSERT INTO `menu_roles` VALUES (741, 1, 17, 1, 1, '2024-11-19 01:33:08', '2024-11-19 01:33:08');
INSERT INTO `menu_roles` VALUES (742, 1, 17, 2, 0, '2024-11-19 01:33:08', '2024-11-19 01:33:08');
INSERT INTO `menu_roles` VALUES (743, 1, 17, 3, 0, '2024-11-19 01:33:08', '2024-11-19 01:33:08');
INSERT INTO `menu_roles` VALUES (744, 1, 17, 4, 0, '2024-11-19 01:33:08', '2024-11-19 01:33:08');
INSERT INTO `menu_roles` VALUES (745, 1, 17, 5, 0, '2024-11-19 01:33:08', '2024-11-19 01:33:08');
INSERT INTO `menu_roles` VALUES (746, 2, 17, 1, 0, '2024-11-19 01:33:08', '2024-11-19 01:33:08');
INSERT INTO `menu_roles` VALUES (747, 2, 17, 2, 0, '2024-11-19 01:33:08', '2024-11-19 01:33:08');
INSERT INTO `menu_roles` VALUES (748, 2, 17, 3, 0, '2024-11-19 01:33:08', '2024-11-19 01:33:08');
INSERT INTO `menu_roles` VALUES (749, 2, 17, 4, 0, '2024-11-19 01:33:08', '2024-11-19 01:33:08');
INSERT INTO `menu_roles` VALUES (750, 2, 17, 5, 0, '2024-11-19 01:33:08', '2024-11-19 01:33:08');
INSERT INTO `menu_roles` VALUES (751, 3, 17, 1, 0, '2024-11-19 01:33:08', '2024-11-19 01:33:08');
INSERT INTO `menu_roles` VALUES (752, 3, 17, 2, 0, '2024-11-19 01:33:08', '2024-11-19 01:33:08');
INSERT INTO `menu_roles` VALUES (753, 3, 17, 3, 0, '2024-11-19 01:33:08', '2024-11-19 01:33:08');
INSERT INTO `menu_roles` VALUES (754, 3, 17, 4, 0, '2024-11-19 01:33:08', '2024-11-19 01:33:08');
INSERT INTO `menu_roles` VALUES (755, 3, 17, 5, 0, '2024-11-19 01:33:08', '2024-11-19 01:33:08');
INSERT INTO `menu_roles` VALUES (756, 4, 17, 1, 0, '2024-11-19 01:33:08', '2024-11-19 01:33:08');
INSERT INTO `menu_roles` VALUES (757, 4, 17, 2, 0, '2024-11-19 01:33:08', '2024-11-19 01:33:08');
INSERT INTO `menu_roles` VALUES (758, 4, 17, 3, 0, '2024-11-19 01:33:08', '2024-11-19 01:33:08');
INSERT INTO `menu_roles` VALUES (759, 4, 17, 4, 0, '2024-11-19 01:33:08', '2024-11-19 01:33:08');
INSERT INTO `menu_roles` VALUES (760, 4, 17, 5, 0, '2024-11-19 01:33:08', '2024-11-19 01:33:08');
INSERT INTO `menu_roles` VALUES (761, 5, 17, 1, 0, '2024-11-19 01:33:08', '2024-11-19 01:33:08');
INSERT INTO `menu_roles` VALUES (762, 5, 17, 2, 0, '2024-11-19 01:33:08', '2024-11-19 01:33:08');
INSERT INTO `menu_roles` VALUES (763, 5, 17, 3, 0, '2024-11-19 01:33:08', '2024-11-19 01:33:08');
INSERT INTO `menu_roles` VALUES (764, 5, 17, 4, 0, '2024-11-19 01:33:08', '2024-11-19 01:33:08');
INSERT INTO `menu_roles` VALUES (765, 5, 17, 5, 0, '2024-11-19 01:33:08', '2024-11-19 01:33:08');
INSERT INTO `menu_roles` VALUES (766, 6, 17, 1, 0, '2024-11-19 01:33:08', '2024-11-19 01:33:08');
INSERT INTO `menu_roles` VALUES (767, 6, 17, 2, 0, '2024-11-19 01:33:08', '2024-11-19 01:33:08');
INSERT INTO `menu_roles` VALUES (768, 6, 17, 3, 0, '2024-11-19 01:33:08', '2024-11-19 01:33:08');
INSERT INTO `menu_roles` VALUES (769, 6, 17, 4, 0, '2024-11-19 01:33:08', '2024-11-19 01:33:08');
INSERT INTO `menu_roles` VALUES (770, 6, 17, 5, 0, '2024-11-19 01:33:08', '2024-11-19 01:33:08');
INSERT INTO `menu_roles` VALUES (771, 7, 17, 1, 0, '2024-11-19 01:33:08', '2024-11-19 01:33:08');
INSERT INTO `menu_roles` VALUES (772, 7, 17, 2, 0, '2024-11-19 01:33:08', '2024-11-19 01:33:08');
INSERT INTO `menu_roles` VALUES (773, 7, 17, 3, 0, '2024-11-19 01:33:08', '2024-11-19 01:33:08');
INSERT INTO `menu_roles` VALUES (774, 7, 17, 4, 0, '2024-11-19 01:33:08', '2024-11-19 01:33:08');
INSERT INTO `menu_roles` VALUES (775, 7, 17, 5, 0, '2024-11-19 01:33:08', '2024-11-19 01:33:08');
INSERT INTO `menu_roles` VALUES (776, 8, 17, 1, 0, '2024-11-19 01:33:08', '2024-11-19 01:33:08');
INSERT INTO `menu_roles` VALUES (777, 8, 17, 2, 0, '2024-11-19 01:33:08', '2024-11-19 01:33:08');
INSERT INTO `menu_roles` VALUES (778, 8, 17, 3, 0, '2024-11-19 01:33:08', '2024-11-19 01:33:08');
INSERT INTO `menu_roles` VALUES (779, 8, 17, 4, 0, '2024-11-19 01:33:08', '2024-11-19 01:33:08');
INSERT INTO `menu_roles` VALUES (780, 8, 17, 5, 0, '2024-11-19 01:33:08', '2024-11-19 01:33:08');
INSERT INTO `menu_roles` VALUES (781, 9, 17, 1, 0, '2024-11-19 01:33:08', '2024-11-19 01:33:08');
INSERT INTO `menu_roles` VALUES (782, 9, 17, 2, 0, '2024-11-19 01:33:08', '2024-11-19 01:33:08');
INSERT INTO `menu_roles` VALUES (783, 9, 17, 3, 0, '2024-11-19 01:33:08', '2024-11-19 01:33:08');
INSERT INTO `menu_roles` VALUES (784, 9, 17, 4, 0, '2024-11-19 01:33:08', '2024-11-19 01:33:08');
INSERT INTO `menu_roles` VALUES (785, 9, 17, 5, 0, '2024-11-19 01:33:08', '2024-11-19 01:33:08');
INSERT INTO `menu_roles` VALUES (786, 10, 17, 1, 0, '2024-11-19 01:33:08', '2024-11-19 01:33:08');
INSERT INTO `menu_roles` VALUES (787, 10, 17, 2, 0, '2024-11-19 01:33:08', '2024-11-19 01:33:08');
INSERT INTO `menu_roles` VALUES (788, 10, 17, 3, 0, '2024-11-19 01:33:08', '2024-11-19 01:33:08');
INSERT INTO `menu_roles` VALUES (789, 10, 17, 4, 0, '2024-11-19 01:33:08', '2024-11-19 01:33:08');
INSERT INTO `menu_roles` VALUES (790, 10, 17, 5, 0, '2024-11-19 01:33:08', '2024-11-19 01:33:08');
INSERT INTO `menu_roles` VALUES (791, 11, 17, 1, 0, '2024-11-19 01:33:08', '2024-11-19 01:33:08');
INSERT INTO `menu_roles` VALUES (792, 11, 17, 2, 0, '2024-11-19 01:33:08', '2024-11-19 01:33:08');
INSERT INTO `menu_roles` VALUES (793, 11, 17, 3, 0, '2024-11-19 01:33:08', '2024-11-19 01:33:08');
INSERT INTO `menu_roles` VALUES (794, 11, 17, 4, 0, '2024-11-19 01:33:08', '2024-11-19 01:33:08');
INSERT INTO `menu_roles` VALUES (795, 11, 17, 5, 0, '2024-11-19 01:33:08', '2024-11-19 01:33:08');
INSERT INTO `menu_roles` VALUES (796, 12, 17, 1, 0, '2024-11-19 01:33:08', '2024-11-19 01:33:08');
INSERT INTO `menu_roles` VALUES (797, 12, 17, 2, 0, '2024-11-19 01:33:08', '2024-11-19 01:33:08');
INSERT INTO `menu_roles` VALUES (798, 12, 17, 3, 0, '2024-11-19 01:33:08', '2024-11-19 01:33:08');
INSERT INTO `menu_roles` VALUES (799, 12, 17, 4, 0, '2024-11-19 01:33:08', '2024-11-19 01:33:08');
INSERT INTO `menu_roles` VALUES (800, 12, 17, 5, 0, '2024-11-19 01:33:08', '2024-11-19 01:33:08');
INSERT INTO `menu_roles` VALUES (801, 1, 16, 1, 1, '2024-11-19 01:33:12', '2024-11-19 01:33:12');
INSERT INTO `menu_roles` VALUES (802, 1, 16, 2, 0, '2024-11-19 01:33:12', '2024-11-19 01:33:12');
INSERT INTO `menu_roles` VALUES (803, 1, 16, 3, 0, '2024-11-19 01:33:12', '2024-11-19 01:33:12');
INSERT INTO `menu_roles` VALUES (804, 1, 16, 4, 0, '2024-11-19 01:33:12', '2024-11-19 01:33:12');
INSERT INTO `menu_roles` VALUES (805, 1, 16, 5, 0, '2024-11-19 01:33:12', '2024-11-19 01:33:12');
INSERT INTO `menu_roles` VALUES (806, 2, 16, 1, 0, '2024-11-19 01:33:12', '2024-11-19 01:33:12');
INSERT INTO `menu_roles` VALUES (807, 2, 16, 2, 0, '2024-11-19 01:33:12', '2024-11-19 01:33:12');
INSERT INTO `menu_roles` VALUES (808, 2, 16, 3, 0, '2024-11-19 01:33:12', '2024-11-19 01:33:12');
INSERT INTO `menu_roles` VALUES (809, 2, 16, 4, 0, '2024-11-19 01:33:12', '2024-11-19 01:33:12');
INSERT INTO `menu_roles` VALUES (810, 2, 16, 5, 0, '2024-11-19 01:33:12', '2024-11-19 01:33:12');
INSERT INTO `menu_roles` VALUES (811, 3, 16, 1, 0, '2024-11-19 01:33:12', '2024-11-19 01:33:12');
INSERT INTO `menu_roles` VALUES (812, 3, 16, 2, 0, '2024-11-19 01:33:12', '2024-11-19 01:33:12');
INSERT INTO `menu_roles` VALUES (813, 3, 16, 3, 0, '2024-11-19 01:33:12', '2024-11-19 01:33:12');
INSERT INTO `menu_roles` VALUES (814, 3, 16, 4, 0, '2024-11-19 01:33:12', '2024-11-19 01:33:12');
INSERT INTO `menu_roles` VALUES (815, 3, 16, 5, 0, '2024-11-19 01:33:12', '2024-11-19 01:33:12');
INSERT INTO `menu_roles` VALUES (816, 4, 16, 1, 0, '2024-11-19 01:33:12', '2024-11-19 01:33:12');
INSERT INTO `menu_roles` VALUES (817, 4, 16, 2, 0, '2024-11-19 01:33:12', '2024-11-19 01:33:12');
INSERT INTO `menu_roles` VALUES (818, 4, 16, 3, 0, '2024-11-19 01:33:12', '2024-11-19 01:33:12');
INSERT INTO `menu_roles` VALUES (819, 4, 16, 4, 0, '2024-11-19 01:33:12', '2024-11-19 01:33:12');
INSERT INTO `menu_roles` VALUES (820, 4, 16, 5, 0, '2024-11-19 01:33:12', '2024-11-19 01:33:12');
INSERT INTO `menu_roles` VALUES (821, 5, 16, 1, 0, '2024-11-19 01:33:12', '2024-11-19 01:33:12');
INSERT INTO `menu_roles` VALUES (822, 5, 16, 2, 0, '2024-11-19 01:33:12', '2024-11-19 01:33:12');
INSERT INTO `menu_roles` VALUES (823, 5, 16, 3, 0, '2024-11-19 01:33:12', '2024-11-19 01:33:12');
INSERT INTO `menu_roles` VALUES (824, 5, 16, 4, 0, '2024-11-19 01:33:12', '2024-11-19 01:33:12');
INSERT INTO `menu_roles` VALUES (825, 5, 16, 5, 0, '2024-11-19 01:33:12', '2024-11-19 01:33:12');
INSERT INTO `menu_roles` VALUES (826, 6, 16, 1, 0, '2024-11-19 01:33:12', '2024-11-19 01:33:12');
INSERT INTO `menu_roles` VALUES (827, 6, 16, 2, 0, '2024-11-19 01:33:12', '2024-11-19 01:33:12');
INSERT INTO `menu_roles` VALUES (828, 6, 16, 3, 0, '2024-11-19 01:33:12', '2024-11-19 01:33:12');
INSERT INTO `menu_roles` VALUES (829, 6, 16, 4, 0, '2024-11-19 01:33:12', '2024-11-19 01:33:12');
INSERT INTO `menu_roles` VALUES (830, 6, 16, 5, 0, '2024-11-19 01:33:12', '2024-11-19 01:33:12');
INSERT INTO `menu_roles` VALUES (831, 7, 16, 1, 0, '2024-11-19 01:33:12', '2024-11-19 01:33:12');
INSERT INTO `menu_roles` VALUES (832, 7, 16, 2, 0, '2024-11-19 01:33:12', '2024-11-19 01:33:12');
INSERT INTO `menu_roles` VALUES (833, 7, 16, 3, 0, '2024-11-19 01:33:12', '2024-11-19 01:33:12');
INSERT INTO `menu_roles` VALUES (834, 7, 16, 4, 0, '2024-11-19 01:33:12', '2024-11-19 01:33:12');
INSERT INTO `menu_roles` VALUES (835, 7, 16, 5, 0, '2024-11-19 01:33:12', '2024-11-19 01:33:12');
INSERT INTO `menu_roles` VALUES (836, 8, 16, 1, 0, '2024-11-19 01:33:12', '2024-11-19 01:33:12');
INSERT INTO `menu_roles` VALUES (837, 8, 16, 2, 0, '2024-11-19 01:33:12', '2024-11-19 01:33:12');
INSERT INTO `menu_roles` VALUES (838, 8, 16, 3, 0, '2024-11-19 01:33:12', '2024-11-19 01:33:12');
INSERT INTO `menu_roles` VALUES (839, 8, 16, 4, 0, '2024-11-19 01:33:12', '2024-11-19 01:33:12');
INSERT INTO `menu_roles` VALUES (840, 8, 16, 5, 0, '2024-11-19 01:33:12', '2024-11-19 01:33:12');
INSERT INTO `menu_roles` VALUES (841, 9, 16, 1, 0, '2024-11-19 01:33:12', '2024-11-19 01:33:12');
INSERT INTO `menu_roles` VALUES (842, 9, 16, 2, 0, '2024-11-19 01:33:12', '2024-11-19 01:33:12');
INSERT INTO `menu_roles` VALUES (843, 9, 16, 3, 0, '2024-11-19 01:33:12', '2024-11-19 01:33:12');
INSERT INTO `menu_roles` VALUES (844, 9, 16, 4, 0, '2024-11-19 01:33:12', '2024-11-19 01:33:12');
INSERT INTO `menu_roles` VALUES (845, 9, 16, 5, 0, '2024-11-19 01:33:12', '2024-11-19 01:33:12');
INSERT INTO `menu_roles` VALUES (846, 10, 16, 1, 0, '2024-11-19 01:33:12', '2024-11-19 01:33:12');
INSERT INTO `menu_roles` VALUES (847, 10, 16, 2, 0, '2024-11-19 01:33:12', '2024-11-19 01:33:12');
INSERT INTO `menu_roles` VALUES (848, 10, 16, 3, 0, '2024-11-19 01:33:12', '2024-11-19 01:33:12');
INSERT INTO `menu_roles` VALUES (849, 10, 16, 4, 0, '2024-11-19 01:33:12', '2024-11-19 01:33:12');
INSERT INTO `menu_roles` VALUES (850, 10, 16, 5, 0, '2024-11-19 01:33:12', '2024-11-19 01:33:12');
INSERT INTO `menu_roles` VALUES (851, 11, 16, 1, 0, '2024-11-19 01:33:12', '2024-11-19 01:33:12');
INSERT INTO `menu_roles` VALUES (852, 11, 16, 2, 0, '2024-11-19 01:33:12', '2024-11-19 01:33:12');
INSERT INTO `menu_roles` VALUES (853, 11, 16, 3, 0, '2024-11-19 01:33:12', '2024-11-19 01:33:12');
INSERT INTO `menu_roles` VALUES (854, 11, 16, 4, 0, '2024-11-19 01:33:12', '2024-11-19 01:33:12');
INSERT INTO `menu_roles` VALUES (855, 11, 16, 5, 0, '2024-11-19 01:33:12', '2024-11-19 01:33:12');
INSERT INTO `menu_roles` VALUES (856, 12, 16, 1, 0, '2024-11-19 01:33:12', '2024-11-19 01:33:12');
INSERT INTO `menu_roles` VALUES (857, 12, 16, 2, 0, '2024-11-19 01:33:12', '2024-11-19 01:33:12');
INSERT INTO `menu_roles` VALUES (858, 12, 16, 3, 0, '2024-11-19 01:33:12', '2024-11-19 01:33:12');
INSERT INTO `menu_roles` VALUES (859, 12, 16, 4, 0, '2024-11-19 01:33:12', '2024-11-19 01:33:12');
INSERT INTO `menu_roles` VALUES (860, 12, 16, 5, 0, '2024-11-19 01:33:12', '2024-11-19 01:33:12');
INSERT INTO `menu_roles` VALUES (861, 1, 14, 1, 1, '2024-11-19 01:33:21', '2024-11-19 01:33:21');
INSERT INTO `menu_roles` VALUES (862, 1, 14, 2, 0, '2024-11-19 01:33:21', '2024-11-19 01:33:21');
INSERT INTO `menu_roles` VALUES (863, 1, 14, 3, 0, '2024-11-19 01:33:21', '2024-11-19 01:33:21');
INSERT INTO `menu_roles` VALUES (864, 1, 14, 4, 0, '2024-11-19 01:33:21', '2024-11-19 01:33:21');
INSERT INTO `menu_roles` VALUES (865, 1, 14, 5, 0, '2024-11-19 01:33:21', '2024-11-19 01:33:21');
INSERT INTO `menu_roles` VALUES (866, 2, 14, 1, 0, '2024-11-19 01:33:21', '2024-11-19 01:33:21');
INSERT INTO `menu_roles` VALUES (867, 2, 14, 2, 0, '2024-11-19 01:33:21', '2024-11-19 01:33:21');
INSERT INTO `menu_roles` VALUES (868, 2, 14, 3, 0, '2024-11-19 01:33:21', '2024-11-19 01:33:21');
INSERT INTO `menu_roles` VALUES (869, 2, 14, 4, 0, '2024-11-19 01:33:21', '2024-11-19 01:33:21');
INSERT INTO `menu_roles` VALUES (870, 2, 14, 5, 0, '2024-11-19 01:33:21', '2024-11-19 01:33:21');
INSERT INTO `menu_roles` VALUES (871, 3, 14, 1, 0, '2024-11-19 01:33:21', '2024-11-19 01:33:21');
INSERT INTO `menu_roles` VALUES (872, 3, 14, 2, 0, '2024-11-19 01:33:21', '2024-11-19 01:33:21');
INSERT INTO `menu_roles` VALUES (873, 3, 14, 3, 0, '2024-11-19 01:33:21', '2024-11-19 01:33:21');
INSERT INTO `menu_roles` VALUES (874, 3, 14, 4, 0, '2024-11-19 01:33:21', '2024-11-19 01:33:21');
INSERT INTO `menu_roles` VALUES (875, 3, 14, 5, 0, '2024-11-19 01:33:21', '2024-11-19 01:33:21');
INSERT INTO `menu_roles` VALUES (876, 4, 14, 1, 0, '2024-11-19 01:33:21', '2024-11-19 01:33:21');
INSERT INTO `menu_roles` VALUES (877, 4, 14, 2, 0, '2024-11-19 01:33:21', '2024-11-19 01:33:21');
INSERT INTO `menu_roles` VALUES (878, 4, 14, 3, 0, '2024-11-19 01:33:21', '2024-11-19 01:33:21');
INSERT INTO `menu_roles` VALUES (879, 4, 14, 4, 0, '2024-11-19 01:33:21', '2024-11-19 01:33:21');
INSERT INTO `menu_roles` VALUES (880, 4, 14, 5, 0, '2024-11-19 01:33:21', '2024-11-19 01:33:21');
INSERT INTO `menu_roles` VALUES (881, 5, 14, 1, 0, '2024-11-19 01:33:21', '2024-11-19 01:33:21');
INSERT INTO `menu_roles` VALUES (882, 5, 14, 2, 0, '2024-11-19 01:33:21', '2024-11-19 01:33:21');
INSERT INTO `menu_roles` VALUES (883, 5, 14, 3, 0, '2024-11-19 01:33:21', '2024-11-19 01:33:21');
INSERT INTO `menu_roles` VALUES (884, 5, 14, 4, 0, '2024-11-19 01:33:21', '2024-11-19 01:33:21');
INSERT INTO `menu_roles` VALUES (885, 5, 14, 5, 0, '2024-11-19 01:33:21', '2024-11-19 01:33:21');
INSERT INTO `menu_roles` VALUES (886, 6, 14, 1, 0, '2024-11-19 01:33:21', '2024-11-19 01:33:21');
INSERT INTO `menu_roles` VALUES (887, 6, 14, 2, 0, '2024-11-19 01:33:21', '2024-11-19 01:33:21');
INSERT INTO `menu_roles` VALUES (888, 6, 14, 3, 0, '2024-11-19 01:33:21', '2024-11-19 01:33:21');
INSERT INTO `menu_roles` VALUES (889, 6, 14, 4, 0, '2024-11-19 01:33:21', '2024-11-19 01:33:21');
INSERT INTO `menu_roles` VALUES (890, 6, 14, 5, 0, '2024-11-19 01:33:21', '2024-11-19 01:33:21');
INSERT INTO `menu_roles` VALUES (891, 7, 14, 1, 0, '2024-11-19 01:33:21', '2024-11-19 01:33:21');
INSERT INTO `menu_roles` VALUES (892, 7, 14, 2, 0, '2024-11-19 01:33:21', '2024-11-19 01:33:21');
INSERT INTO `menu_roles` VALUES (893, 7, 14, 3, 0, '2024-11-19 01:33:21', '2024-11-19 01:33:21');
INSERT INTO `menu_roles` VALUES (894, 7, 14, 4, 0, '2024-11-19 01:33:21', '2024-11-19 01:33:21');
INSERT INTO `menu_roles` VALUES (895, 7, 14, 5, 0, '2024-11-19 01:33:21', '2024-11-19 01:33:21');
INSERT INTO `menu_roles` VALUES (896, 8, 14, 1, 0, '2024-11-19 01:33:21', '2024-11-19 01:33:21');
INSERT INTO `menu_roles` VALUES (897, 8, 14, 2, 0, '2024-11-19 01:33:21', '2024-11-19 01:33:21');
INSERT INTO `menu_roles` VALUES (898, 8, 14, 3, 0, '2024-11-19 01:33:21', '2024-11-19 01:33:21');
INSERT INTO `menu_roles` VALUES (899, 8, 14, 4, 0, '2024-11-19 01:33:21', '2024-11-19 01:33:21');
INSERT INTO `menu_roles` VALUES (900, 8, 14, 5, 0, '2024-11-19 01:33:21', '2024-11-19 01:33:21');
INSERT INTO `menu_roles` VALUES (901, 9, 14, 1, 0, '2024-11-19 01:33:21', '2024-11-19 01:33:21');
INSERT INTO `menu_roles` VALUES (902, 9, 14, 2, 0, '2024-11-19 01:33:21', '2024-11-19 01:33:21');
INSERT INTO `menu_roles` VALUES (903, 9, 14, 3, 0, '2024-11-19 01:33:21', '2024-11-19 01:33:21');
INSERT INTO `menu_roles` VALUES (904, 9, 14, 4, 0, '2024-11-19 01:33:21', '2024-11-19 01:33:21');
INSERT INTO `menu_roles` VALUES (905, 9, 14, 5, 0, '2024-11-19 01:33:21', '2024-11-19 01:33:21');
INSERT INTO `menu_roles` VALUES (906, 10, 14, 1, 0, '2024-11-19 01:33:21', '2024-11-19 01:33:21');
INSERT INTO `menu_roles` VALUES (907, 10, 14, 2, 0, '2024-11-19 01:33:21', '2024-11-19 01:33:21');
INSERT INTO `menu_roles` VALUES (908, 10, 14, 3, 0, '2024-11-19 01:33:21', '2024-11-19 01:33:21');
INSERT INTO `menu_roles` VALUES (909, 10, 14, 4, 0, '2024-11-19 01:33:21', '2024-11-19 01:33:21');
INSERT INTO `menu_roles` VALUES (910, 10, 14, 5, 0, '2024-11-19 01:33:21', '2024-11-19 01:33:21');
INSERT INTO `menu_roles` VALUES (911, 11, 14, 1, 0, '2024-11-19 01:33:21', '2024-11-19 01:33:21');
INSERT INTO `menu_roles` VALUES (912, 11, 14, 2, 0, '2024-11-19 01:33:21', '2024-11-19 01:33:21');
INSERT INTO `menu_roles` VALUES (913, 11, 14, 3, 0, '2024-11-19 01:33:21', '2024-11-19 01:33:21');
INSERT INTO `menu_roles` VALUES (914, 11, 14, 4, 0, '2024-11-19 01:33:21', '2024-11-19 01:33:21');
INSERT INTO `menu_roles` VALUES (915, 11, 14, 5, 0, '2024-11-19 01:33:21', '2024-11-19 01:33:21');
INSERT INTO `menu_roles` VALUES (916, 12, 14, 1, 0, '2024-11-19 01:33:21', '2024-11-19 01:33:21');
INSERT INTO `menu_roles` VALUES (917, 12, 14, 2, 0, '2024-11-19 01:33:21', '2024-11-19 01:33:21');
INSERT INTO `menu_roles` VALUES (918, 12, 14, 3, 0, '2024-11-19 01:33:21', '2024-11-19 01:33:21');
INSERT INTO `menu_roles` VALUES (919, 12, 14, 4, 0, '2024-11-19 01:33:21', '2024-11-19 01:33:21');
INSERT INTO `menu_roles` VALUES (920, 12, 14, 5, 0, '2024-11-19 01:33:21', '2024-11-19 01:33:21');
INSERT INTO `menu_roles` VALUES (921, 1, 10, 1, 1, '2024-11-19 01:33:42', '2024-11-19 01:33:42');
INSERT INTO `menu_roles` VALUES (922, 1, 10, 2, 0, '2024-11-19 01:33:42', '2024-11-19 01:33:42');
INSERT INTO `menu_roles` VALUES (923, 1, 10, 3, 0, '2024-11-19 01:33:42', '2024-11-19 01:33:42');
INSERT INTO `menu_roles` VALUES (924, 1, 10, 4, 0, '2024-11-19 01:33:42', '2024-11-19 01:33:42');
INSERT INTO `menu_roles` VALUES (925, 1, 10, 5, 0, '2024-11-19 01:33:42', '2024-11-19 01:33:42');
INSERT INTO `menu_roles` VALUES (926, 2, 10, 1, 0, '2024-11-19 01:33:42', '2024-11-19 01:33:42');
INSERT INTO `menu_roles` VALUES (927, 2, 10, 2, 0, '2024-11-19 01:33:42', '2024-11-19 01:33:42');
INSERT INTO `menu_roles` VALUES (928, 2, 10, 3, 0, '2024-11-19 01:33:42', '2024-11-19 01:33:42');
INSERT INTO `menu_roles` VALUES (929, 2, 10, 4, 0, '2024-11-19 01:33:42', '2024-11-19 01:33:42');
INSERT INTO `menu_roles` VALUES (930, 2, 10, 5, 0, '2024-11-19 01:33:42', '2024-11-19 01:33:42');
INSERT INTO `menu_roles` VALUES (931, 3, 10, 1, 0, '2024-11-19 01:33:42', '2024-11-19 01:33:42');
INSERT INTO `menu_roles` VALUES (932, 3, 10, 2, 0, '2024-11-19 01:33:42', '2024-11-19 01:33:42');
INSERT INTO `menu_roles` VALUES (933, 3, 10, 3, 0, '2024-11-19 01:33:42', '2024-11-19 01:33:42');
INSERT INTO `menu_roles` VALUES (934, 3, 10, 4, 0, '2024-11-19 01:33:42', '2024-11-19 01:33:42');
INSERT INTO `menu_roles` VALUES (935, 3, 10, 5, 0, '2024-11-19 01:33:42', '2024-11-19 01:33:42');
INSERT INTO `menu_roles` VALUES (936, 4, 10, 1, 0, '2024-11-19 01:33:42', '2024-11-19 01:33:42');
INSERT INTO `menu_roles` VALUES (937, 4, 10, 2, 0, '2024-11-19 01:33:42', '2024-11-19 01:33:42');
INSERT INTO `menu_roles` VALUES (938, 4, 10, 3, 0, '2024-11-19 01:33:42', '2024-11-19 01:33:42');
INSERT INTO `menu_roles` VALUES (939, 4, 10, 4, 0, '2024-11-19 01:33:42', '2024-11-19 01:33:42');
INSERT INTO `menu_roles` VALUES (940, 4, 10, 5, 0, '2024-11-19 01:33:42', '2024-11-19 01:33:42');
INSERT INTO `menu_roles` VALUES (941, 5, 10, 1, 0, '2024-11-19 01:33:42', '2024-11-19 01:33:42');
INSERT INTO `menu_roles` VALUES (942, 5, 10, 2, 0, '2024-11-19 01:33:42', '2024-11-19 01:33:42');
INSERT INTO `menu_roles` VALUES (943, 5, 10, 3, 0, '2024-11-19 01:33:42', '2024-11-19 01:33:42');
INSERT INTO `menu_roles` VALUES (944, 5, 10, 4, 0, '2024-11-19 01:33:42', '2024-11-19 01:33:42');
INSERT INTO `menu_roles` VALUES (945, 5, 10, 5, 0, '2024-11-19 01:33:42', '2024-11-19 01:33:42');
INSERT INTO `menu_roles` VALUES (946, 6, 10, 1, 0, '2024-11-19 01:33:42', '2024-11-19 01:33:42');
INSERT INTO `menu_roles` VALUES (947, 6, 10, 2, 0, '2024-11-19 01:33:42', '2024-11-19 01:33:42');
INSERT INTO `menu_roles` VALUES (948, 6, 10, 3, 0, '2024-11-19 01:33:42', '2024-11-19 01:33:42');
INSERT INTO `menu_roles` VALUES (949, 6, 10, 4, 0, '2024-11-19 01:33:42', '2024-11-19 01:33:42');
INSERT INTO `menu_roles` VALUES (950, 6, 10, 5, 0, '2024-11-19 01:33:43', '2024-11-19 01:33:43');
INSERT INTO `menu_roles` VALUES (951, 7, 10, 1, 0, '2024-11-19 01:33:43', '2024-11-19 01:33:43');
INSERT INTO `menu_roles` VALUES (952, 7, 10, 2, 0, '2024-11-19 01:33:43', '2024-11-19 01:33:43');
INSERT INTO `menu_roles` VALUES (953, 7, 10, 3, 0, '2024-11-19 01:33:43', '2024-11-19 01:33:43');
INSERT INTO `menu_roles` VALUES (954, 7, 10, 4, 0, '2024-11-19 01:33:43', '2024-11-19 01:33:43');
INSERT INTO `menu_roles` VALUES (955, 7, 10, 5, 0, '2024-11-19 01:33:43', '2024-11-19 01:33:43');
INSERT INTO `menu_roles` VALUES (956, 8, 10, 1, 0, '2024-11-19 01:33:43', '2024-11-19 01:33:43');
INSERT INTO `menu_roles` VALUES (957, 8, 10, 2, 0, '2024-11-19 01:33:43', '2024-11-19 01:33:43');
INSERT INTO `menu_roles` VALUES (958, 8, 10, 3, 0, '2024-11-19 01:33:43', '2024-11-19 01:33:43');
INSERT INTO `menu_roles` VALUES (959, 8, 10, 4, 0, '2024-11-19 01:33:43', '2024-11-19 01:33:43');
INSERT INTO `menu_roles` VALUES (960, 8, 10, 5, 0, '2024-11-19 01:33:43', '2024-11-19 01:33:43');
INSERT INTO `menu_roles` VALUES (961, 9, 10, 1, 0, '2024-11-19 01:33:43', '2024-11-19 01:33:43');
INSERT INTO `menu_roles` VALUES (962, 9, 10, 2, 0, '2024-11-19 01:33:43', '2024-11-19 01:33:43');
INSERT INTO `menu_roles` VALUES (963, 9, 10, 3, 0, '2024-11-19 01:33:43', '2024-11-19 01:33:43');
INSERT INTO `menu_roles` VALUES (964, 9, 10, 4, 0, '2024-11-19 01:33:43', '2024-11-19 01:33:43');
INSERT INTO `menu_roles` VALUES (965, 9, 10, 5, 0, '2024-11-19 01:33:43', '2024-11-19 01:33:43');
INSERT INTO `menu_roles` VALUES (966, 10, 10, 1, 0, '2024-11-19 01:33:43', '2024-11-19 01:33:43');
INSERT INTO `menu_roles` VALUES (967, 10, 10, 2, 0, '2024-11-19 01:33:43', '2024-11-19 01:33:43');
INSERT INTO `menu_roles` VALUES (968, 10, 10, 3, 0, '2024-11-19 01:33:43', '2024-11-19 01:33:43');
INSERT INTO `menu_roles` VALUES (969, 10, 10, 4, 0, '2024-11-19 01:33:43', '2024-11-19 01:33:43');
INSERT INTO `menu_roles` VALUES (970, 10, 10, 5, 0, '2024-11-19 01:33:43', '2024-11-19 01:33:43');
INSERT INTO `menu_roles` VALUES (971, 11, 10, 1, 0, '2024-11-19 01:33:43', '2024-11-19 01:33:43');
INSERT INTO `menu_roles` VALUES (972, 11, 10, 2, 0, '2024-11-19 01:33:43', '2024-11-19 01:33:43');
INSERT INTO `menu_roles` VALUES (973, 11, 10, 3, 0, '2024-11-19 01:33:43', '2024-11-19 01:33:43');
INSERT INTO `menu_roles` VALUES (974, 11, 10, 4, 0, '2024-11-19 01:33:43', '2024-11-19 01:33:43');
INSERT INTO `menu_roles` VALUES (975, 11, 10, 5, 0, '2024-11-19 01:33:43', '2024-11-19 01:33:43');
INSERT INTO `menu_roles` VALUES (976, 12, 10, 1, 0, '2024-11-19 01:33:43', '2024-11-19 01:33:43');
INSERT INTO `menu_roles` VALUES (977, 12, 10, 2, 0, '2024-11-19 01:33:43', '2024-11-19 01:33:43');
INSERT INTO `menu_roles` VALUES (978, 12, 10, 3, 0, '2024-11-19 01:33:43', '2024-11-19 01:33:43');
INSERT INTO `menu_roles` VALUES (979, 12, 10, 4, 0, '2024-11-19 01:33:43', '2024-11-19 01:33:43');
INSERT INTO `menu_roles` VALUES (980, 12, 10, 5, 0, '2024-11-19 01:33:43', '2024-11-19 01:33:43');
INSERT INTO `menu_roles` VALUES (981, 1, 8, 1, 1, '2024-11-19 01:33:54', '2024-11-19 01:33:54');
INSERT INTO `menu_roles` VALUES (982, 1, 8, 2, 0, '2024-11-19 01:33:54', '2024-11-19 01:33:54');
INSERT INTO `menu_roles` VALUES (983, 1, 8, 3, 0, '2024-11-19 01:33:54', '2024-11-19 01:33:54');
INSERT INTO `menu_roles` VALUES (984, 1, 8, 4, 0, '2024-11-19 01:33:54', '2024-11-19 01:33:54');
INSERT INTO `menu_roles` VALUES (985, 1, 8, 5, 0, '2024-11-19 01:33:54', '2024-11-19 01:33:54');
INSERT INTO `menu_roles` VALUES (986, 2, 8, 1, 0, '2024-11-19 01:33:54', '2024-11-19 01:33:54');
INSERT INTO `menu_roles` VALUES (987, 2, 8, 2, 0, '2024-11-19 01:33:54', '2024-11-19 01:33:54');
INSERT INTO `menu_roles` VALUES (988, 2, 8, 3, 0, '2024-11-19 01:33:54', '2024-11-19 01:33:54');
INSERT INTO `menu_roles` VALUES (989, 2, 8, 4, 0, '2024-11-19 01:33:54', '2024-11-19 01:33:54');
INSERT INTO `menu_roles` VALUES (990, 2, 8, 5, 0, '2024-11-19 01:33:54', '2024-11-19 01:33:54');
INSERT INTO `menu_roles` VALUES (991, 3, 8, 1, 0, '2024-11-19 01:33:54', '2024-11-19 01:33:54');
INSERT INTO `menu_roles` VALUES (992, 3, 8, 2, 0, '2024-11-19 01:33:54', '2024-11-19 01:33:54');
INSERT INTO `menu_roles` VALUES (993, 3, 8, 3, 0, '2024-11-19 01:33:54', '2024-11-19 01:33:54');
INSERT INTO `menu_roles` VALUES (994, 3, 8, 4, 0, '2024-11-19 01:33:54', '2024-11-19 01:33:54');
INSERT INTO `menu_roles` VALUES (995, 3, 8, 5, 0, '2024-11-19 01:33:54', '2024-11-19 01:33:54');
INSERT INTO `menu_roles` VALUES (996, 4, 8, 1, 0, '2024-11-19 01:33:54', '2024-11-19 01:33:54');
INSERT INTO `menu_roles` VALUES (997, 4, 8, 2, 0, '2024-11-19 01:33:54', '2024-11-19 01:33:54');
INSERT INTO `menu_roles` VALUES (998, 4, 8, 3, 0, '2024-11-19 01:33:54', '2024-11-19 01:33:54');
INSERT INTO `menu_roles` VALUES (999, 4, 8, 4, 0, '2024-11-19 01:33:54', '2024-11-19 01:33:54');
INSERT INTO `menu_roles` VALUES (1000, 4, 8, 5, 0, '2024-11-19 01:33:54', '2024-11-19 01:33:54');
INSERT INTO `menu_roles` VALUES (1001, 5, 8, 1, 0, '2024-11-19 01:33:54', '2024-11-19 01:33:54');
INSERT INTO `menu_roles` VALUES (1002, 5, 8, 2, 0, '2024-11-19 01:33:54', '2024-11-19 01:33:54');
INSERT INTO `menu_roles` VALUES (1003, 5, 8, 3, 0, '2024-11-19 01:33:54', '2024-11-19 01:33:54');
INSERT INTO `menu_roles` VALUES (1004, 5, 8, 4, 0, '2024-11-19 01:33:54', '2024-11-19 01:33:54');
INSERT INTO `menu_roles` VALUES (1005, 5, 8, 5, 0, '2024-11-19 01:33:54', '2024-11-19 01:33:54');
INSERT INTO `menu_roles` VALUES (1006, 6, 8, 1, 0, '2024-11-19 01:33:54', '2024-11-19 01:33:54');
INSERT INTO `menu_roles` VALUES (1007, 6, 8, 2, 0, '2024-11-19 01:33:54', '2024-11-19 01:33:54');
INSERT INTO `menu_roles` VALUES (1008, 6, 8, 3, 0, '2024-11-19 01:33:54', '2024-11-19 01:33:54');
INSERT INTO `menu_roles` VALUES (1009, 6, 8, 4, 0, '2024-11-19 01:33:54', '2024-11-19 01:33:54');
INSERT INTO `menu_roles` VALUES (1010, 6, 8, 5, 0, '2024-11-19 01:33:54', '2024-11-19 01:33:54');
INSERT INTO `menu_roles` VALUES (1011, 7, 8, 1, 0, '2024-11-19 01:33:54', '2024-11-19 01:33:54');
INSERT INTO `menu_roles` VALUES (1012, 7, 8, 2, 0, '2024-11-19 01:33:54', '2024-11-19 01:33:54');
INSERT INTO `menu_roles` VALUES (1013, 7, 8, 3, 0, '2024-11-19 01:33:54', '2024-11-19 01:33:54');
INSERT INTO `menu_roles` VALUES (1014, 7, 8, 4, 0, '2024-11-19 01:33:54', '2024-11-19 01:33:54');
INSERT INTO `menu_roles` VALUES (1015, 7, 8, 5, 0, '2024-11-19 01:33:54', '2024-11-19 01:33:54');
INSERT INTO `menu_roles` VALUES (1016, 8, 8, 1, 0, '2024-11-19 01:33:54', '2024-11-19 01:33:54');
INSERT INTO `menu_roles` VALUES (1017, 8, 8, 2, 0, '2024-11-19 01:33:54', '2024-11-19 01:33:54');
INSERT INTO `menu_roles` VALUES (1018, 8, 8, 3, 0, '2024-11-19 01:33:54', '2024-11-19 01:33:54');
INSERT INTO `menu_roles` VALUES (1019, 8, 8, 4, 0, '2024-11-19 01:33:54', '2024-11-19 01:33:54');
INSERT INTO `menu_roles` VALUES (1020, 8, 8, 5, 0, '2024-11-19 01:33:54', '2024-11-19 01:33:54');
INSERT INTO `menu_roles` VALUES (1021, 9, 8, 1, 0, '2024-11-19 01:33:54', '2024-11-19 01:33:54');
INSERT INTO `menu_roles` VALUES (1022, 9, 8, 2, 0, '2024-11-19 01:33:54', '2024-11-19 01:33:54');
INSERT INTO `menu_roles` VALUES (1023, 9, 8, 3, 0, '2024-11-19 01:33:54', '2024-11-19 01:33:54');
INSERT INTO `menu_roles` VALUES (1024, 9, 8, 4, 0, '2024-11-19 01:33:54', '2024-11-19 01:33:54');
INSERT INTO `menu_roles` VALUES (1025, 9, 8, 5, 0, '2024-11-19 01:33:54', '2024-11-19 01:33:54');
INSERT INTO `menu_roles` VALUES (1026, 10, 8, 1, 0, '2024-11-19 01:33:54', '2024-11-19 01:33:54');
INSERT INTO `menu_roles` VALUES (1027, 10, 8, 2, 0, '2024-11-19 01:33:54', '2024-11-19 01:33:54');
INSERT INTO `menu_roles` VALUES (1028, 10, 8, 3, 0, '2024-11-19 01:33:54', '2024-11-19 01:33:54');
INSERT INTO `menu_roles` VALUES (1029, 10, 8, 4, 0, '2024-11-19 01:33:54', '2024-11-19 01:33:54');
INSERT INTO `menu_roles` VALUES (1030, 10, 8, 5, 0, '2024-11-19 01:33:54', '2024-11-19 01:33:54');
INSERT INTO `menu_roles` VALUES (1031, 11, 8, 1, 0, '2024-11-19 01:33:54', '2024-11-19 01:33:54');
INSERT INTO `menu_roles` VALUES (1032, 11, 8, 2, 0, '2024-11-19 01:33:54', '2024-11-19 01:33:54');
INSERT INTO `menu_roles` VALUES (1033, 11, 8, 3, 0, '2024-11-19 01:33:54', '2024-11-19 01:33:54');
INSERT INTO `menu_roles` VALUES (1034, 11, 8, 4, 0, '2024-11-19 01:33:54', '2024-11-19 01:33:54');
INSERT INTO `menu_roles` VALUES (1035, 11, 8, 5, 0, '2024-11-19 01:33:54', '2024-11-19 01:33:54');
INSERT INTO `menu_roles` VALUES (1036, 12, 8, 1, 0, '2024-11-19 01:33:54', '2024-11-19 01:33:54');
INSERT INTO `menu_roles` VALUES (1037, 12, 8, 2, 0, '2024-11-19 01:33:54', '2024-11-19 01:33:54');
INSERT INTO `menu_roles` VALUES (1038, 12, 8, 3, 0, '2024-11-19 01:33:54', '2024-11-19 01:33:54');
INSERT INTO `menu_roles` VALUES (1039, 12, 8, 4, 0, '2024-11-19 01:33:54', '2024-11-19 01:33:54');
INSERT INTO `menu_roles` VALUES (1040, 12, 8, 5, 0, '2024-11-19 01:33:54', '2024-11-19 01:33:54');
INSERT INTO `menu_roles` VALUES (1041, 1, 3, 1, 1, '2024-11-19 01:34:21', '2024-11-19 01:34:21');
INSERT INTO `menu_roles` VALUES (1042, 1, 3, 2, 0, '2024-11-19 01:34:21', '2024-11-19 01:34:21');
INSERT INTO `menu_roles` VALUES (1043, 1, 3, 3, 0, '2024-11-19 01:34:21', '2024-11-19 01:34:21');
INSERT INTO `menu_roles` VALUES (1044, 1, 3, 4, 0, '2024-11-19 01:34:21', '2024-11-19 01:34:21');
INSERT INTO `menu_roles` VALUES (1045, 1, 3, 5, 0, '2024-11-19 01:34:21', '2024-11-19 01:34:21');
INSERT INTO `menu_roles` VALUES (1046, 2, 3, 1, 0, '2024-11-19 01:34:21', '2024-11-19 01:34:21');
INSERT INTO `menu_roles` VALUES (1047, 2, 3, 2, 0, '2024-11-19 01:34:21', '2024-11-19 01:34:21');
INSERT INTO `menu_roles` VALUES (1048, 2, 3, 3, 0, '2024-11-19 01:34:21', '2024-11-19 01:34:21');
INSERT INTO `menu_roles` VALUES (1049, 2, 3, 4, 0, '2024-11-19 01:34:21', '2024-11-19 01:34:21');
INSERT INTO `menu_roles` VALUES (1050, 2, 3, 5, 0, '2024-11-19 01:34:21', '2024-11-19 01:34:21');
INSERT INTO `menu_roles` VALUES (1051, 3, 3, 1, 0, '2024-11-19 01:34:21', '2024-11-19 01:34:21');
INSERT INTO `menu_roles` VALUES (1052, 3, 3, 2, 0, '2024-11-19 01:34:21', '2024-11-19 01:34:21');
INSERT INTO `menu_roles` VALUES (1053, 3, 3, 3, 0, '2024-11-19 01:34:21', '2024-11-19 01:34:21');
INSERT INTO `menu_roles` VALUES (1054, 3, 3, 4, 0, '2024-11-19 01:34:21', '2024-11-19 01:34:21');
INSERT INTO `menu_roles` VALUES (1055, 3, 3, 5, 0, '2024-11-19 01:34:21', '2024-11-19 01:34:21');
INSERT INTO `menu_roles` VALUES (1056, 4, 3, 1, 0, '2024-11-19 01:34:21', '2024-11-19 01:34:21');
INSERT INTO `menu_roles` VALUES (1057, 4, 3, 2, 0, '2024-11-19 01:34:21', '2024-11-19 01:34:21');
INSERT INTO `menu_roles` VALUES (1058, 4, 3, 3, 0, '2024-11-19 01:34:22', '2024-11-19 01:34:22');
INSERT INTO `menu_roles` VALUES (1059, 4, 3, 4, 0, '2024-11-19 01:34:22', '2024-11-19 01:34:22');
INSERT INTO `menu_roles` VALUES (1060, 4, 3, 5, 0, '2024-11-19 01:34:22', '2024-11-19 01:34:22');
INSERT INTO `menu_roles` VALUES (1061, 5, 3, 1, 0, '2024-11-19 01:34:22', '2024-11-19 01:34:22');
INSERT INTO `menu_roles` VALUES (1062, 5, 3, 2, 0, '2024-11-19 01:34:22', '2024-11-19 01:34:22');
INSERT INTO `menu_roles` VALUES (1063, 5, 3, 3, 0, '2024-11-19 01:34:22', '2024-11-19 01:34:22');
INSERT INTO `menu_roles` VALUES (1064, 5, 3, 4, 0, '2024-11-19 01:34:22', '2024-11-19 01:34:22');
INSERT INTO `menu_roles` VALUES (1065, 5, 3, 5, 0, '2024-11-19 01:34:22', '2024-11-19 01:34:22');
INSERT INTO `menu_roles` VALUES (1066, 6, 3, 1, 0, '2024-11-19 01:34:22', '2024-11-19 01:34:22');
INSERT INTO `menu_roles` VALUES (1067, 6, 3, 2, 0, '2024-11-19 01:34:22', '2024-11-19 01:34:22');
INSERT INTO `menu_roles` VALUES (1068, 6, 3, 3, 0, '2024-11-19 01:34:22', '2024-11-19 01:34:22');
INSERT INTO `menu_roles` VALUES (1069, 6, 3, 4, 0, '2024-11-19 01:34:22', '2024-11-19 01:34:22');
INSERT INTO `menu_roles` VALUES (1070, 6, 3, 5, 0, '2024-11-19 01:34:22', '2024-11-19 01:34:22');
INSERT INTO `menu_roles` VALUES (1071, 7, 3, 1, 0, '2024-11-19 01:34:22', '2024-11-19 01:34:22');
INSERT INTO `menu_roles` VALUES (1072, 7, 3, 2, 0, '2024-11-19 01:34:22', '2024-11-19 01:34:22');
INSERT INTO `menu_roles` VALUES (1073, 7, 3, 3, 0, '2024-11-19 01:34:22', '2024-11-19 01:34:22');
INSERT INTO `menu_roles` VALUES (1074, 7, 3, 4, 0, '2024-11-19 01:34:22', '2024-11-19 01:34:22');
INSERT INTO `menu_roles` VALUES (1075, 7, 3, 5, 0, '2024-11-19 01:34:22', '2024-11-19 01:34:22');
INSERT INTO `menu_roles` VALUES (1076, 8, 3, 1, 0, '2024-11-19 01:34:22', '2024-11-19 01:34:22');
INSERT INTO `menu_roles` VALUES (1077, 8, 3, 2, 0, '2024-11-19 01:34:22', '2024-11-19 01:34:22');
INSERT INTO `menu_roles` VALUES (1078, 8, 3, 3, 0, '2024-11-19 01:34:22', '2024-11-19 01:34:22');
INSERT INTO `menu_roles` VALUES (1079, 8, 3, 4, 0, '2024-11-19 01:34:22', '2024-11-19 01:34:22');
INSERT INTO `menu_roles` VALUES (1080, 8, 3, 5, 0, '2024-11-19 01:34:22', '2024-11-19 01:34:22');
INSERT INTO `menu_roles` VALUES (1081, 9, 3, 1, 0, '2024-11-19 01:34:22', '2024-11-19 01:34:22');
INSERT INTO `menu_roles` VALUES (1082, 9, 3, 2, 0, '2024-11-19 01:34:22', '2024-11-19 01:34:22');
INSERT INTO `menu_roles` VALUES (1083, 9, 3, 3, 0, '2024-11-19 01:34:22', '2024-11-19 01:34:22');
INSERT INTO `menu_roles` VALUES (1084, 9, 3, 4, 0, '2024-11-19 01:34:22', '2024-11-19 01:34:22');
INSERT INTO `menu_roles` VALUES (1085, 9, 3, 5, 0, '2024-11-19 01:34:22', '2024-11-19 01:34:22');
INSERT INTO `menu_roles` VALUES (1086, 10, 3, 1, 0, '2024-11-19 01:34:22', '2024-11-19 01:34:22');
INSERT INTO `menu_roles` VALUES (1087, 10, 3, 2, 0, '2024-11-19 01:34:22', '2024-11-19 01:34:22');
INSERT INTO `menu_roles` VALUES (1088, 10, 3, 3, 0, '2024-11-19 01:34:22', '2024-11-19 01:34:22');
INSERT INTO `menu_roles` VALUES (1089, 10, 3, 4, 0, '2024-11-19 01:34:22', '2024-11-19 01:34:22');
INSERT INTO `menu_roles` VALUES (1090, 10, 3, 5, 0, '2024-11-19 01:34:22', '2024-11-19 01:34:22');
INSERT INTO `menu_roles` VALUES (1091, 11, 3, 1, 0, '2024-11-19 01:34:22', '2024-11-19 01:34:22');
INSERT INTO `menu_roles` VALUES (1092, 11, 3, 2, 0, '2024-11-19 01:34:22', '2024-11-19 01:34:22');
INSERT INTO `menu_roles` VALUES (1093, 11, 3, 3, 0, '2024-11-19 01:34:22', '2024-11-19 01:34:22');
INSERT INTO `menu_roles` VALUES (1094, 11, 3, 4, 0, '2024-11-19 01:34:22', '2024-11-19 01:34:22');
INSERT INTO `menu_roles` VALUES (1095, 11, 3, 5, 0, '2024-11-19 01:34:22', '2024-11-19 01:34:22');
INSERT INTO `menu_roles` VALUES (1096, 12, 3, 1, 0, '2024-11-19 01:34:22', '2024-11-19 01:34:22');
INSERT INTO `menu_roles` VALUES (1097, 12, 3, 2, 0, '2024-11-19 01:34:22', '2024-11-19 01:34:22');
INSERT INTO `menu_roles` VALUES (1098, 12, 3, 3, 0, '2024-11-19 01:34:22', '2024-11-19 01:34:22');
INSERT INTO `menu_roles` VALUES (1099, 12, 3, 4, 0, '2024-11-19 01:34:22', '2024-11-19 01:34:22');
INSERT INTO `menu_roles` VALUES (1100, 12, 3, 5, 0, '2024-11-19 01:34:22', '2024-11-19 01:34:22');

-- ----------------------------
-- Table structure for menus
-- ----------------------------
DROP TABLE IF EXISTS `menus`;
CREATE TABLE `menus`  (
  `id` bigint UNSIGNED NOT NULL AUTO_INCREMENT,
  `parent_id` int UNSIGNED NULL DEFAULT NULL,
  `name` varchar(255) CHARACTER SET utf8mb4 COLLATE utf8mb4_unicode_ci NOT NULL,
  `slug_name` varchar(255) CHARACTER SET utf8mb4 COLLATE utf8mb4_unicode_ci NOT NULL,
  `menu_order` int UNSIGNED NULL DEFAULT NULL,
  `link` varchar(100) CHARACTER SET utf8mb4 COLLATE utf8mb4_unicode_ci NULL DEFAULT NULL,
  `icon` varchar(100) CHARACTER SET utf8mb4 COLLATE utf8mb4_unicode_ci NULL DEFAULT NULL,
  `is_active` tinyint NOT NULL DEFAULT 0,
  `created_at` timestamp NULL DEFAULT NULL,
  `updated_at` timestamp NULL DEFAULT NULL,
  `deleted_at` timestamp NULL DEFAULT NULL,
  PRIMARY KEY (`id`) USING BTREE
) ENGINE = InnoDB AUTO_INCREMENT = 13 CHARACTER SET = utf8mb4 COLLATE = utf8mb4_unicode_ci ROW_FORMAT = DYNAMIC;

-- ----------------------------
-- Records of menus
-- ----------------------------
INSERT INTO `menus` VALUES (1, NULL, 'Beranda', 'beranda', 1, 'dashboard', 'bx bx-home-circle', 1, '2024-07-03 00:16:10', '2024-11-19 01:08:07', NULL);
INSERT INTO `menus` VALUES (2, NULL, 'Pengguna', 'pengguna', 2, 'users', 'bx bx-user', 1, '2024-07-03 00:16:10', '2024-11-19 01:08:07', NULL);
INSERT INTO `menus` VALUES (3, NULL, 'Manajemen Menu', 'manajemen_menu', 3, 'manajemen-menu', 'bx bx-food-menu', 1, '2024-07-03 00:16:10', '2024-11-19 01:08:07', NULL);
INSERT INTO `menus` VALUES (4, NULL, 'Otoritas', 'otoritas', 4, 'otoritas', 'bx bx-check-shield', 1, '2024-07-03 00:16:10', '2024-11-19 01:08:07', NULL);
INSERT INTO `menus` VALUES (5, NULL, 'Struktur Organisasi', 'struktur_organisasi', 5, 'struktur-organisasi', 'bx bx-group', 1, '2024-11-10 18:52:25', '2024-11-19 01:08:07', NULL);
INSERT INTO `menus` VALUES (6, NULL, 'Top Chart', 'top_chart', 6, 'top-chart', 'bx bx-music', 1, '2024-11-10 18:54:45', '2024-11-19 01:08:07', NULL);
INSERT INTO `menus` VALUES (7, NULL, 'Achievements', 'achievements', 7, 'achievements', 'bx bx-trophy', 1, '2024-11-10 18:55:23', '2024-11-19 01:08:07', NULL);
INSERT INTO `menus` VALUES (8, NULL, 'Rapma News', 'rapma_news', 8, 'rapma-news', 'bx bx-news', 1, '2024-11-10 18:55:44', '2024-11-19 01:08:07', NULL);
INSERT INTO `menus` VALUES (9, NULL, 'Pesan', 'pesan', 98, 'pesan', 'bx bx-envelope', 1, '2024-11-10 18:56:00', '2024-11-19 01:08:07', NULL);
INSERT INTO `menus` VALUES (10, NULL, 'Settings', 'settings', 99, 'settings', 'bx bx-cog', 1, '2024-11-10 18:57:44', '2024-11-19 01:08:07', NULL);
INSERT INTO `menus` VALUES (11, NULL, 'Events', 'events', 11, 'events', 'bx bx-calendar-event', 1, '2024-11-15 08:33:53', '2024-11-19 01:08:07', NULL);
INSERT INTO `menus` VALUES (12, NULL, 'Program Siar', 'program_siar', 12, 'program-siar', 'bx bx-headphone', 1, '2024-11-15 18:18:45', '2024-11-19 01:08:07', NULL);

-- ----------------------------
-- Table structure for migrations
-- ----------------------------
DROP TABLE IF EXISTS `migrations`;
CREATE TABLE `migrations`  (
  `id` int UNSIGNED NOT NULL AUTO_INCREMENT,
  `migration` varchar(255) CHARACTER SET utf8mb4 COLLATE utf8mb4_unicode_ci NOT NULL,
  `batch` int NOT NULL,
  PRIMARY KEY (`id`) USING BTREE
) ENGINE = InnoDB AUTO_INCREMENT = 9 CHARACTER SET = utf8mb4 COLLATE = utf8mb4_unicode_ci ROW_FORMAT = DYNAMIC;

-- ----------------------------
-- Records of migrations
-- ----------------------------
INSERT INTO `migrations` VALUES (1, '2014_10_12_000000_create_users_table', 1);
INSERT INTO `migrations` VALUES (2, '2014_10_12_100000_create_password_resets_table', 1);
INSERT INTO `migrations` VALUES (3, '2019_08_19_000000_create_failed_jobs_table', 1);
INSERT INTO `migrations` VALUES (4, '2022_06_25_061319_create_roles_table', 1);
INSERT INTO `migrations` VALUES (5, '2022_06_25_061544_create_actions_table', 1);
INSERT INTO `migrations` VALUES (6, '2022_06_25_061702_create_user_roles_table', 1);
INSERT INTO `migrations` VALUES (7, '2022_06_25_062431_create_menus_table', 1);
INSERT INTO `migrations` VALUES (8, '2022_06_25_062843_create_menu_roles_table', 1);

-- ----------------------------
-- Table structure for password_resets
-- ----------------------------
DROP TABLE IF EXISTS `password_resets`;
CREATE TABLE `password_resets`  (
  `email` varchar(255) CHARACTER SET utf8mb4 COLLATE utf8mb4_unicode_ci NOT NULL,
  `token` varchar(255) CHARACTER SET utf8mb4 COLLATE utf8mb4_unicode_ci NOT NULL,
  `created_at` timestamp NULL DEFAULT NULL,
  INDEX `password_resets_email_index`(`email` ASC) USING BTREE
) ENGINE = InnoDB CHARACTER SET = utf8mb4 COLLATE = utf8mb4_unicode_ci ROW_FORMAT = DYNAMIC;

-- ----------------------------
-- Records of password_resets
-- ----------------------------

-- ----------------------------
-- Table structure for pesan
-- ----------------------------
DROP TABLE IF EXISTS `pesan`;
CREATE TABLE `pesan`  (
  `id` int NOT NULL AUTO_INCREMENT,
  `nama` varchar(255) CHARACTER SET utf8mb4 COLLATE utf8mb4_0900_ai_ci NULL DEFAULT NULL,
  `email` varchar(255) CHARACTER SET utf8mb4 COLLATE utf8mb4_0900_ai_ci NULL DEFAULT NULL,
  `subject` varchar(255) CHARACTER SET utf8mb4 COLLATE utf8mb4_0900_ai_ci NULL DEFAULT NULL,
  `message` text CHARACTER SET utf8mb4 COLLATE utf8mb4_0900_ai_ci NULL,
  `created_at` timestamp NULL DEFAULT NULL,
  `updated_at` timestamp NULL DEFAULT NULL,
  `deleted_at` timestamp NULL DEFAULT NULL,
  PRIMARY KEY (`id`) USING BTREE
) ENGINE = InnoDB AUTO_INCREMENT = 2 CHARACTER SET = utf8mb4 COLLATE = utf8mb4_0900_ai_ci ROW_FORMAT = DYNAMIC;

-- ----------------------------
-- Records of pesan
-- ----------------------------
INSERT INTO `pesan` VALUES (1, 'Pop', 'pop@gmail.com', 'Test', 'Test', '2024-11-19 01:55:20', '2024-11-19 11:12:50', NULL);

-- ----------------------------
-- Table structure for program_siar
-- ----------------------------
DROP TABLE IF EXISTS `program_siar`;
CREATE TABLE `program_siar`  (
  `id` int NOT NULL AUTO_INCREMENT,
  `jenis_program_id` int NULL DEFAULT NULL,
  `program_id` int NULL DEFAULT NULL,
  `tahun` int NULL DEFAULT NULL,
  `filename` varchar(255) CHARACTER SET utf8mb4 COLLATE utf8mb4_0900_ai_ci NULL DEFAULT NULL,
  `path` varchar(255) CHARACTER SET utf8mb4 COLLATE utf8mb4_0900_ai_ci NULL DEFAULT NULL,
  `link` varchar(255) CHARACTER SET utf8mb4 COLLATE utf8mb4_0900_ai_ci NULL DEFAULT NULL,
  `order` int NULL DEFAULT NULL,
  `is_active` tinyint NULL DEFAULT 1,
  `created_at` timestamp NULL DEFAULT NULL,
  `updated_at` timestamp NULL DEFAULT NULL,
  `deleted_at` timestamp NULL DEFAULT NULL,
  PRIMARY KEY (`id`) USING BTREE
) ENGINE = InnoDB AUTO_INCREMENT = 2 CHARACTER SET = utf8mb4 COLLATE = utf8mb4_0900_ai_ci ROW_FORMAT = Dynamic;

-- ----------------------------
-- Records of program_siar
-- ----------------------------
INSERT INTO `program_siar` VALUES (1, 1, 1, 2021, '1710312120_135e5ffee5029c18d101.png', '/storage/uploads/programs/2021/Regular%20Program/BASOSAPI/h9vp1MzPnEOKBQpDvSgpEEb8NM2ju0zPATu0ibje.png', 'https://open.spotify.com/episode/0H0UTyvK4su14jJVDcfk2X', 1, 1, '2024-11-19 02:02:02', '2024-11-19 11:20:36', NULL);

-- ----------------------------
-- Table structure for ref_jenis_program_siar
-- ----------------------------
DROP TABLE IF EXISTS `ref_jenis_program_siar`;
CREATE TABLE `ref_jenis_program_siar`  (
  `id` int NOT NULL AUTO_INCREMENT,
  `jenis` varchar(255) CHARACTER SET utf8mb4 COLLATE utf8mb4_0900_ai_ci NULL DEFAULT NULL,
  `key` varchar(255) CHARACTER SET utf8mb4 COLLATE utf8mb4_0900_ai_ci NULL DEFAULT NULL,
  `created_at` timestamp NULL DEFAULT NULL,
  `updated_at` timestamp NULL DEFAULT NULL,
  `deleted_at` timestamp NULL DEFAULT NULL,
  PRIMARY KEY (`id`) USING BTREE
) ENGINE = InnoDB AUTO_INCREMENT = 4 CHARACTER SET = utf8mb4 COLLATE = utf8mb4_0900_ai_ci ROW_FORMAT = Dynamic;

-- ----------------------------
-- Records of ref_jenis_program_siar
-- ----------------------------
INSERT INTO `ref_jenis_program_siar` VALUES (1, 'Regular Program', 'regular', '2024-11-15 19:57:11', '2024-11-15 19:57:11', NULL);
INSERT INTO `ref_jenis_program_siar` VALUES (2, 'Special Program', 'special', '2024-11-15 19:58:28', '2024-11-15 19:58:28', NULL);
INSERT INTO `ref_jenis_program_siar` VALUES (3, 'Podcast', 'podcast', '2024-11-15 19:58:37', '2024-11-19 11:22:17', NULL);

-- ----------------------------
-- Table structure for ref_program_siar
-- ----------------------------
DROP TABLE IF EXISTS `ref_program_siar`;
CREATE TABLE `ref_program_siar`  (
  `id` int NOT NULL AUTO_INCREMENT,
  `jenis_program_id` int NULL DEFAULT NULL,
  `nama` varchar(255) CHARACTER SET utf8mb4 COLLATE utf8mb4_0900_ai_ci NULL DEFAULT NULL,
  `is_active` tinyint NULL DEFAULT 1,
  `created_at` timestamp NULL DEFAULT NULL,
  `updated_at` timestamp NULL DEFAULT NULL,
  `deleted_at` timestamp NULL DEFAULT NULL,
  PRIMARY KEY (`id`) USING BTREE
) ENGINE = InnoDB AUTO_INCREMENT = 20 CHARACTER SET = utf8mb4 COLLATE = utf8mb4_0900_ai_ci ROW_FORMAT = Dynamic;

-- ----------------------------
-- Records of ref_program_siar
-- ----------------------------
INSERT INTO `ref_program_siar` VALUES (1, 1, 'BASOSAPI', 1, '2024-11-19 01:57:45', '2024-11-19 01:57:45', NULL);
INSERT INTO `ref_program_siar` VALUES (2, 1, '11N1', 1, '2024-11-19 01:57:55', '2024-11-19 01:57:55', NULL);
INSERT INTO `ref_program_siar` VALUES (3, 1, 'RAPMANESIA', 1, '2024-11-19 01:58:02', '2024-11-19 01:58:02', NULL);
INSERT INTO `ref_program_siar` VALUES (4, 1, 'THE GOOD VIBES', 1, '2024-11-19 01:58:10', '2024-11-19 01:58:10', NULL);
INSERT INTO `ref_program_siar` VALUES (5, 1, 'KHASANAH PETANG', 1, '2024-11-19 01:58:24', '2024-11-19 01:58:24', NULL);
INSERT INTO `ref_program_siar` VALUES (6, 1, 'MUSIC BOX', 1, '2024-11-19 01:58:30', '2024-11-19 01:58:30', NULL);
INSERT INTO `ref_program_siar` VALUES (7, 1, 'AFTERDAY', 1, '2024-11-19 01:58:34', '2024-11-19 01:58:34', NULL);
INSERT INTO `ref_program_siar` VALUES (8, 1, 'TOP 15', 1, '2024-11-19 01:58:47', '2024-11-19 01:58:47', NULL);
INSERT INTO `ref_program_siar` VALUES (9, 2, 'MOVIE SCREEN', 1, '2024-11-19 01:59:00', '2024-11-19 01:59:00', NULL);
INSERT INTO `ref_program_siar` VALUES (10, 2, 'KING AND QUEEN', 1, '2024-11-19 01:59:10', '2024-11-19 01:59:10', NULL);
INSERT INTO `ref_program_siar` VALUES (11, 2, 'INDIEZONE', 1, '2024-11-19 01:59:21', '2024-11-19 01:59:21', NULL);
INSERT INTO `ref_program_siar` VALUES (12, 2, 'TEKSAS', 1, '2024-11-19 01:59:27', '2024-11-19 01:59:27', NULL);
INSERT INTO `ref_program_siar` VALUES (13, 2, 'MERINDING', 1, '2024-11-19 01:59:34', '2024-11-19 01:59:34', NULL);
INSERT INTO `ref_program_siar` VALUES (14, 2, 'K-ARENA', 1, '2024-11-19 01:59:40', '2024-11-19 01:59:40', NULL);
INSERT INTO `ref_program_siar` VALUES (15, 2, 'SPORTACULAR', 1, '2024-11-19 01:59:52', '2024-11-19 01:59:52', NULL);
INSERT INTO `ref_program_siar` VALUES (16, 2, 'SUDUT KAMPUS', 1, '2024-11-19 01:59:58', '2024-11-19 01:59:58', NULL);
INSERT INTO `ref_program_siar` VALUES (17, 2, 'NO SATNIGHT', 1, '2024-11-19 02:00:15', '2024-11-19 02:00:15', NULL);
INSERT INTO `ref_program_siar` VALUES (18, 2, 'CLASSIC NIGHT', 1, '2024-11-19 02:00:24', '2024-11-19 02:00:24', NULL);
INSERT INTO `ref_program_siar` VALUES (19, 3, 'RAPMATALKS', 1, '2024-11-19 02:01:06', '2024-11-19 11:23:56', NULL);

-- ----------------------------
-- Table structure for roles
-- ----------------------------
DROP TABLE IF EXISTS `roles`;
CREATE TABLE `roles`  (
  `id` bigint UNSIGNED NOT NULL AUTO_INCREMENT,
  `name` varchar(255) CHARACTER SET utf8mb4 COLLATE utf8mb4_unicode_ci NOT NULL,
  `slug_name` varchar(255) CHARACTER SET utf8mb4 COLLATE utf8mb4_unicode_ci NULL DEFAULT NULL,
  `is_active` tinyint NOT NULL DEFAULT 1,
  `created_at` timestamp NULL DEFAULT NULL,
  `updated_at` timestamp NULL DEFAULT NULL,
  `deleted_at` timestamp NULL DEFAULT NULL,
  PRIMARY KEY (`id`) USING BTREE
) ENGINE = InnoDB AUTO_INCREMENT = 20 CHARACTER SET = utf8mb4 COLLATE = utf8mb4_unicode_ci ROW_FORMAT = DYNAMIC;

-- ----------------------------
-- Records of roles
-- ----------------------------
INSERT INTO `roles` VALUES (1, 'Administrator', 'administrator', 1, '2024-07-03 00:16:10', '2024-11-10 18:24:51', NULL);
INSERT INTO `roles` VALUES (2, 'General Manager', 'general_manager', 1, '2024-11-10 18:22:19', '2024-11-10 18:24:57', NULL);
INSERT INTO `roles` VALUES (3, 'Personal Assistant', 'personal_assistant', 1, '2024-11-10 18:22:27', '2024-11-10 18:25:10', NULL);
INSERT INTO `roles` VALUES (4, 'Manager Divisi Umum', 'manager_divisi_umum', 1, '2024-11-10 18:23:14', '2024-11-10 18:25:16', NULL);
INSERT INTO `roles` VALUES (5, 'Manager Divisi Kepenyiaran', 'manager_divisi_kepenyiaran', 1, '2024-11-10 18:23:27', '2024-11-10 18:25:25', NULL);
INSERT INTO `roles` VALUES (6, 'Manager Divisi Marketing', 'manager_divisi_marketing', 1, '2024-11-10 18:23:33', '2024-11-10 18:25:31', NULL);
INSERT INTO `roles` VALUES (7, 'Manager Divisi Personalia', 'manager_divisi_personalia', 1, '2024-11-10 18:23:55', '2024-11-10 18:25:42', NULL);
INSERT INTO `roles` VALUES (8, 'Teknisi Off Air', 'teknisi_off_air', 1, '2024-11-10 18:23:59', '2024-11-19 01:31:35', NULL);
INSERT INTO `roles` VALUES (9, 'Admisi On Air', 'admisi_on_air', 1, '2024-11-10 18:24:04', '2024-11-10 18:25:50', NULL);
INSERT INTO `roles` VALUES (10, 'Admisi Off Air', 'admisi_off_air', 1, '2024-11-10 18:24:11', '2024-11-10 18:25:55', NULL);
INSERT INTO `roles` VALUES (11, 'Produksi', 'produksi', 1, '2024-11-10 18:26:08', '2024-11-10 18:26:08', NULL);
INSERT INTO `roles` VALUES (12, 'Jurnalistik', 'jurnalistik', 1, '2024-11-10 18:26:12', '2024-11-10 18:26:12', NULL);
INSERT INTO `roles` VALUES (13, 'Music Director', 'music_director', 1, '2024-11-10 18:26:22', '2024-11-10 18:26:22', NULL);
INSERT INTO `roles` VALUES (14, 'Marketing On Air', 'marketing_on_air', 1, '2024-11-10 18:26:33', '2024-11-10 18:26:33', NULL);
INSERT INTO `roles` VALUES (15, 'Marketing Off Air', 'marketing_off_air', 1, '2024-11-10 18:26:36', '2024-11-10 18:26:36', NULL);
INSERT INTO `roles` VALUES (16, 'HRD', 'h_r_d', 1, '2024-11-10 18:26:48', '2024-11-10 18:26:48', NULL);
INSERT INTO `roles` VALUES (17, 'Advokat', 'advokat', 1, '2024-11-10 18:26:56', '2024-11-10 18:26:56', NULL);
INSERT INTO `roles` VALUES (18, 'Crew', 'crew', 1, '2024-11-10 18:27:01', '2024-11-10 18:27:01', NULL);
INSERT INTO `roles` VALUES (19, 'Alumni', 'alumni', 1, '2024-11-10 18:27:05', '2024-11-10 18:27:05', NULL);

-- ----------------------------
-- Table structure for struktur_organisasi
-- ----------------------------
DROP TABLE IF EXISTS `struktur_organisasi`;
CREATE TABLE `struktur_organisasi`  (
  `id` int NOT NULL AUTO_INCREMENT,
  `divisi` varchar(255) CHARACTER SET utf8mb4 COLLATE utf8mb4_0900_ai_ci NULL DEFAULT NULL,
  `pangkat` varchar(255) CHARACTER SET utf8mb4 COLLATE utf8mb4_0900_ai_ci NULL DEFAULT NULL,
  `tahun` int NULL DEFAULT NULL,
  `order` int NULL DEFAULT NULL,
  `filename` varchar(255) CHARACTER SET utf8mb4 COLLATE utf8mb4_0900_ai_ci NULL DEFAULT NULL,
  `path` varchar(255) CHARACTER SET utf8mb4 COLLATE utf8mb4_0900_ai_ci NULL DEFAULT NULL,
  `is_active` int NULL DEFAULT 1,
  `created_at` timestamp NULL DEFAULT NULL,
  `updated_at` timestamp NULL DEFAULT NULL,
  `deleted_at` timestamp NULL DEFAULT NULL,
  PRIMARY KEY (`id`) USING BTREE
) ENGINE = InnoDB AUTO_INCREMENT = 7 CHARACTER SET = utf8mb4 COLLATE = utf8mb4_0900_ai_ci ROW_FORMAT = DYNAMIC;

-- ----------------------------
-- Records of struktur_organisasi
-- ----------------------------
INSERT INTO `struktur_organisasi` VALUES (1, 'GMPA', 'Pengurus', 2021, 1, '1710307248_d2b71ff9ea4058e7c6e5.png', '/storage/uploads/struktur-organisasi/2021/GMPA/wNMXLJbfvVy3NU7sZHM5P7Z8ljc7MtOWx79uELsD.png', 1, '2024-11-19 01:52:19', '2024-11-19 11:07:33', NULL);
INSERT INTO `struktur_organisasi` VALUES (2, 'Umum', 'Pengurus', 2021, 2, '1710303526_d4505a7756c75dc9d1ff.png', '/storage/uploads/struktur-organisasi/2021/Umum/Q8Mfge6bUtyfyu35eQjrU8v3DqRAenFWtiqiWttx.png', 1, '2024-11-19 01:52:43', '2024-11-19 11:07:34', NULL);
INSERT INTO `struktur_organisasi` VALUES (3, 'Kepenyiaran', 'Pengurus', 2021, 3, '1710304363_8d0637ccd093227f0cb7.png', '/storage/uploads/struktur-organisasi/2021/Kepenyiaran/AxHW2omfPtyq5gxP9e662cxH5QPlKaKuO9tsq9Fm.png', 1, '2024-11-19 01:53:00', '2024-11-19 01:53:00', NULL);
INSERT INTO `struktur_organisasi` VALUES (4, 'Marketing', 'Pengurus', 2021, 4, '1710304409_4455e94f59b8b3327de8.png', '/storage/uploads/struktur-organisasi/2021/Marketing/d6kGWmlcHGPwdhwCAhoa474RyempNAwBtsAjisCJ.png', 1, '2024-11-19 01:53:15', '2024-11-19 01:53:15', NULL);
INSERT INTO `struktur_organisasi` VALUES (5, 'Personalia', 'Pengurus', 2021, 5, '1710304423_4331aebb0df6c1f75044.png', '/storage/uploads/struktur-organisasi/2021/Personalia/CvI9jPqyD3bwxrPlTs7bWKPbaYTEWVf6ba1qqdh5.png', 1, '2024-11-19 01:53:27', '2024-11-19 01:53:27', NULL);
INSERT INTO `struktur_organisasi` VALUES (6, 'Crew', 'Crew', 2021, 0, '1710387359_093bceeceb273dde81b2.png', '/storage/uploads/struktur-organisasi/2021/Crew/oRjN2QxIfK6aW2xyV920lmbv91RRM7RwuoFmW7Bu.png', 1, '2024-11-19 01:53:42', '2024-11-19 11:07:37', NULL);

-- ----------------------------
-- Table structure for user_roles
-- ----------------------------
DROP TABLE IF EXISTS `user_roles`;
CREATE TABLE `user_roles`  (
  `id` int UNSIGNED NOT NULL AUTO_INCREMENT,
  `user_id` int UNSIGNED NULL DEFAULT NULL,
  `role_id` int UNSIGNED NULL DEFAULT NULL,
  `created_at` timestamp NULL DEFAULT NULL,
  `updated_at` timestamp NULL DEFAULT NULL,
  PRIMARY KEY (`id`) USING BTREE
) ENGINE = InnoDB AUTO_INCREMENT = 47 CHARACTER SET = utf8mb4 COLLATE = utf8mb4_unicode_ci ROW_FORMAT = DYNAMIC;

-- ----------------------------
-- Records of user_roles
-- ----------------------------
INSERT INTO `user_roles` VALUES (1, 1, 1, NULL, NULL);
INSERT INTO `user_roles` VALUES (2, 2, 2, NULL, NULL);
INSERT INTO `user_roles` VALUES (3, 3, 3, NULL, NULL);
INSERT INTO `user_roles` VALUES (4, 4, 3, NULL, NULL);
INSERT INTO `user_roles` VALUES (5, 5, 4, NULL, NULL);
INSERT INTO `user_roles` VALUES (6, 6, 5, NULL, NULL);
INSERT INTO `user_roles` VALUES (7, 7, 6, NULL, NULL);
INSERT INTO `user_roles` VALUES (8, 8, 7, NULL, NULL);
INSERT INTO `user_roles` VALUES (9, 9, 8, NULL, NULL);
INSERT INTO `user_roles` VALUES (10, 10, 9, NULL, NULL);
INSERT INTO `user_roles` VALUES (11, 11, 9, NULL, NULL);
INSERT INTO `user_roles` VALUES (12, 12, 10, NULL, NULL);
INSERT INTO `user_roles` VALUES (13, 13, 11, NULL, NULL);
INSERT INTO `user_roles` VALUES (14, 14, 11, NULL, NULL);
INSERT INTO `user_roles` VALUES (15, 15, 12, NULL, NULL);
INSERT INTO `user_roles` VALUES (16, 16, 12, NULL, NULL);
INSERT INTO `user_roles` VALUES (17, 17, 13, NULL, NULL);
INSERT INTO `user_roles` VALUES (18, 18, 14, NULL, NULL);
INSERT INTO `user_roles` VALUES (19, 19, 14, NULL, NULL);
INSERT INTO `user_roles` VALUES (20, 20, 15, NULL, NULL);
INSERT INTO `user_roles` VALUES (21, 21, 15, NULL, NULL);
INSERT INTO `user_roles` VALUES (22, 22, 17, NULL, NULL);
INSERT INTO `user_roles` VALUES (23, 23, 16, NULL, NULL);
INSERT INTO `user_roles` VALUES (24, 24, 16, NULL, NULL);
INSERT INTO `user_roles` VALUES (25, 25, 16, NULL, NULL);
INSERT INTO `user_roles` VALUES (26, 26, 16, NULL, NULL);
INSERT INTO `user_roles` VALUES (27, 27, 18, NULL, NULL);
INSERT INTO `user_roles` VALUES (28, 28, 19, NULL, NULL);
INSERT INTO `user_roles` VALUES (29, 1, 18, NULL, NULL);
INSERT INTO `user_roles` VALUES (30, 1, 19, NULL, NULL);
INSERT INTO `user_roles` VALUES (31, 1, 2, NULL, NULL);
INSERT INTO `user_roles` VALUES (32, 1, 3, NULL, NULL);
INSERT INTO `user_roles` VALUES (33, 1, 4, NULL, NULL);
INSERT INTO `user_roles` VALUES (34, 1, 5, NULL, NULL);
INSERT INTO `user_roles` VALUES (35, 1, 6, NULL, NULL);
INSERT INTO `user_roles` VALUES (36, 1, 7, NULL, NULL);
INSERT INTO `user_roles` VALUES (37, 1, 8, NULL, NULL);
INSERT INTO `user_roles` VALUES (38, 1, 9, NULL, NULL);
INSERT INTO `user_roles` VALUES (39, 1, 10, NULL, NULL);
INSERT INTO `user_roles` VALUES (40, 1, 11, NULL, NULL);
INSERT INTO `user_roles` VALUES (41, 1, 12, NULL, NULL);
INSERT INTO `user_roles` VALUES (42, 1, 13, NULL, NULL);
INSERT INTO `user_roles` VALUES (43, 1, 14, NULL, NULL);
INSERT INTO `user_roles` VALUES (44, 1, 15, NULL, NULL);
INSERT INTO `user_roles` VALUES (45, 1, 16, NULL, NULL);
INSERT INTO `user_roles` VALUES (46, 1, 17, NULL, NULL);

-- ----------------------------
-- Table structure for users
-- ----------------------------
DROP TABLE IF EXISTS `users`;
CREATE TABLE `users`  (
  `id` bigint UNSIGNED NOT NULL AUTO_INCREMENT,
  `name` varchar(255) CHARACTER SET utf8mb4 COLLATE utf8mb4_unicode_ci NOT NULL,
  `email` varchar(255) CHARACTER SET utf8mb4 COLLATE utf8mb4_unicode_ci NULL DEFAULT NULL,
  `username` varchar(255) CHARACTER SET utf8mb4 COLLATE utf8mb4_unicode_ci NOT NULL,
  `password` varchar(255) CHARACTER SET utf8mb4 COLLATE utf8mb4_unicode_ci NOT NULL,
  `real_password` varchar(255) CHARACTER SET utf8mb4 COLLATE utf8mb4_unicode_ci NULL DEFAULT NULL,
  `photo` varchar(255) CHARACTER SET utf8mb4 COLLATE utf8mb4_unicode_ci NULL DEFAULT NULL,
  `is_active` int NOT NULL DEFAULT 1,
  `created_at` timestamp NULL DEFAULT NULL,
  `updated_at` timestamp NULL DEFAULT NULL,
  `deleted_at` timestamp NULL DEFAULT NULL,
  PRIMARY KEY (`id`) USING BTREE,
  UNIQUE INDEX `users_username_unique`(`username` ASC) USING BTREE
) ENGINE = InnoDB AUTO_INCREMENT = 29 CHARACTER SET = utf8mb4 COLLATE = utf8mb4_unicode_ci ROW_FORMAT = DYNAMIC;

-- ----------------------------
-- Records of users
-- ----------------------------
INSERT INTO `users` VALUES (1, 'Taufiq Pop', 'taufiqpop999@gmail.com', 'taufiqpop', '$2y$10$pHiphGOUPQ01c00LiRjCP.wS70lwk3E3BYknewV0heMZv0PCQSYZ.', 'hutaowangy', NULL, 1, '2024-07-03 00:16:10', '2024-11-20 00:43:10', NULL);
INSERT INTO `users` VALUES (2, 'Reza Lutfian Ardi', NULL, 'rezalutfian', '$2y$10$7rPMtj572MKFp6RyAW/.muGN9AcNee1xCzVrJuivCSWKEjTAZMk1y', 'taufiqpop', NULL, 1, '2024-07-03 00:16:11', '2024-11-20 01:08:26', NULL);
INSERT INTO `users` VALUES (3, 'Lala Dwi Alfiyah', NULL, 'lalapo19', '$2y$10$upl4zie4xQPwGp1Hr1uZ1eI4oKMc0eoUJBU6glFMltMA5MvikIGlK', 'taufiqpop', NULL, 1, '2024-07-03 00:16:12', '2024-11-20 01:08:29', NULL);
INSERT INTO `users` VALUES (4, 'Agnes Dyva Zuhratul Aulia', NULL, 'agnesdyva', '$2y$10$aKibjR6JiaA44J5mb0dtuOp8bb9Fu9M8sfJwkeirr8KdSBqYn.DUi', 'taufiqpop', NULL, 1, '2024-07-03 00:16:13', '2024-11-20 01:08:33', NULL);
INSERT INTO `users` VALUES (5, 'Sidam Lighfal Amien', NULL, 'lighfal', '$2y$10$Pe7mfpH3gZQQzHqDT/Rr9.olTtiOF8eczgIMTgd.gmjKlTDIMdxca', 'taufiqpop', NULL, 1, '2024-07-03 00:16:14', '2024-11-20 01:08:11', NULL);
INSERT INTO `users` VALUES (6, 'Brilliant Adhi Putra Sampurno', NULL, 'brilly', '$2y$10$bpWyPMLMkWKoSvqtknypyOHLZ6B5FmMoBAPVmtNSqM11yNImqI4Nu', 'taufiqpop', NULL, 1, '2024-07-03 00:16:15', '2024-11-20 01:08:08', NULL);
INSERT INTO `users` VALUES (7, 'Muhammad Hanif Al-Hafizh', NULL, 'hanif', '$2y$10$tVzT4Tx5ErNJxxDzl22vyuPqU1Rd60AOb/YkNdAUOyCtH2dlMKvF6', 'taufiqpop', NULL, 1, '2024-07-03 00:16:16', '2024-11-20 01:08:04', NULL);
INSERT INTO `users` VALUES (8, 'Azzahrah Nur Salsabiilla', NULL, 'zahra', '$2y$10$pKrBPRbLg59XJNyP/atxnuzFdMYN6pUzNIcIqVzZEU0jIVuLAokyy', 'taufiqpop', NULL, 1, '2024-07-03 00:16:17', '2024-11-20 01:08:02', NULL);
INSERT INTO `users` VALUES (9, 'Giri Fahrezy Istighfarullah', NULL, 'giri', '$2y$10$G6AxT8ArVWvgAYnTljWtU.un3W/UGnn2.js/W//v3JsWHZ4o938si', 'taufiqpop', NULL, 1, '2024-07-03 00:16:18', '2024-11-20 01:07:58', NULL);
INSERT INTO `users` VALUES (10, 'Ira Nur Fajriani', NULL, 'ira', '$2y$10$t4joytGgF65r0tBmo9f3J.Ig.71vCrOuNxS0KDArxgqb2whYYatcq', 'taufiqpop', NULL, 1, '2024-07-03 00:16:19', '2024-11-20 01:07:55', NULL);
INSERT INTO `users` VALUES (11, 'Pramudya Imam Prasetyo', NULL, 'pramudya', '$2y$10$CMtoDh643VQwDi6inxMXLuYmCF.rb5tz05t1UGD6AB17vtUIeJyAG', 'taufiqpop', NULL, 1, '2024-07-03 00:16:20', '2024-11-20 01:07:52', NULL);
INSERT INTO `users` VALUES (12, 'Aditya Yoga Pratama', NULL, 'aditya', '$2y$10$8WCcTUXO.GULqmPjXito7.gFjvxlWhYv0OFTHsYtUflgEMO/TGiMC', 'taufiqpop', NULL, 1, '2024-07-03 00:16:21', '2024-11-20 01:08:19', NULL);
INSERT INTO `users` VALUES (13, 'Muhammad Alexandria Huzain Arifin', NULL, 'alexandria', '$2y$10$FMNpUCS1tR5QSUZLiCoWWODRIWcVa4aJ0dAZhtTWLhtNalaADPLEG', 'taufiqpop', NULL, 1, '2024-07-03 00:16:22', '2024-11-20 01:07:43', NULL);
INSERT INTO `users` VALUES (14, 'Daffa Zufar Fakhriansyah', NULL, 'dazuf', '$2y$10$U..hPPfaBkqO5IMlEIC3.uMyUI7Pvmvuy0RGsk4jmdOV0ZwYy1vFO', 'taufiqpop', NULL, 1, '2024-07-03 00:16:23', '2024-11-20 01:07:39', NULL);
INSERT INTO `users` VALUES (15, 'Ainun Nafi Nurul Fadhilah', NULL, 'ainunafi', '$2y$10$eUF/prOzHccKguHq41Sok.BnNgHeCp6czaXtwJcysaO7GAe53IpKi', 'taufiqpop', NULL, 1, '2024-07-03 00:16:24', '2024-11-20 01:07:36', NULL);
INSERT INTO `users` VALUES (16, 'Safina Fatmawati', NULL, 'safinaff', '$2y$10$VEMjSJAvvKVDNI2stPxDAuE/Sjm4KA6H5CBQOazG0zJtb4qgSIWGu', 'taufiqpop', NULL, 1, '2024-07-03 00:16:25', '2024-11-20 01:07:33', NULL);
INSERT INTO `users` VALUES (17, 'Maulidya Rania Insyira', NULL, 'uli', '$2y$10$WokXkMMc2UK8sB3j6m4yYukyJtZ0ol3.f0AtBrgwHp9xHj7sNggLi', 'taufiqpop', NULL, 1, '2024-07-03 00:16:26', '2024-11-20 01:07:27', NULL);
INSERT INTO `users` VALUES (18, 'Maulidia Kartika Putri', NULL, 'maudy', '$2y$10$pB7eihLOF58ZuLtPsepK2eQr98tm43TQBG0uv3JzDcN5ERjmF9.Pe', 'taufiqpop', NULL, 1, '2024-07-03 00:16:27', '2024-11-20 01:07:22', NULL);
INSERT INTO `users` VALUES (19, 'Satya Aqsal Zardiansyah', NULL, 'aqsal', '$2y$10$B6jsypwzQoR/8YW3flIACuP1CJgj0aUXxZEMCkdYLZENBFMtFBYqe', 'taufiqpop', NULL, 1, '2024-07-03 00:16:28', '2024-11-20 01:07:12', NULL);
INSERT INTO `users` VALUES (20, 'Vania Nuradhani Bisono', NULL, 'vania', '$2y$10$LL1I528R.KHdmlu8NR7NdO8RDeiEFTkC52AvZQqU0kyfyIy7iDUxe', 'taufiqpop', NULL, 1, '2024-07-03 00:16:29', '2024-11-20 01:07:11', NULL);
INSERT INTO `users` VALUES (21, 'Fajrul Falah Sholihin', NULL, 'falah', '$2y$10$8ZpKR4YD3z3lTVMyDdpzneysOXC77C2EaNsJ6674PV7jPYwHX.SAe', 'taufiqpop', NULL, 1, '2024-07-03 00:16:30', '2024-11-20 01:07:09', NULL);
INSERT INTO `users` VALUES (22, 'Aini Lathyfah', NULL, 'aini', '$2y$10$Rf9cYh0TaLck/MICLFY5HeCWzQwkmCh7ofSBUBvQGUJwicImmT3C.', 'taufiqpop', NULL, 1, '2024-07-03 00:16:31', '2024-11-20 01:07:07', NULL);
INSERT INTO `users` VALUES (23, 'Wikan Fitrandi Wibisono', NULL, 'wikan', '$2y$10$btd60Iuavvge4l.9iiXGCOKmz2Kjvz2gpx.rAuYwvYsh3XKPEfor2', 'taufiqpop', NULL, 1, '2024-07-03 00:16:32', '2024-11-20 01:07:06', NULL);
INSERT INTO `users` VALUES (24, 'Thifal Nurkhansa', NULL, 'thifal', '$2y$10$NbzN9xojchyYeUT7uW7T.OqFIwut7B.6rGl5XC0N6IZIzCWaA9j2y', 'taufiqpop', NULL, 1, '2024-07-03 00:16:33', '2024-11-20 01:07:04', NULL);
INSERT INTO `users` VALUES (25, 'Dimas Adi Susanto', NULL, 'dimas', '$2y$10$ZTi.tMnsdkhUdlZYV37E1uLoRk1PBHSjtfgpHJAcoZTLWGt38cgrW', 'taufiqpop', NULL, 1, '2024-11-10 18:12:35', '2024-11-20 01:07:03', NULL);
INSERT INTO `users` VALUES (26, 'Salma Widya Azhari', NULL, 'salma', '$2y$10$PIYwBbzIFqNxrG8uHe4x5.cpSRi1WdOkY6GlxxcxX/2T1eh6v6DBS', 'taufiqpop', NULL, 1, '2024-11-10 18:15:39', '2024-11-20 01:07:02', NULL);
INSERT INTO `users` VALUES (27, 'Crew Rapma FM', NULL, 'crewrapma', '$2y$10$L9IprWEGG0NLDXmK6kW0me0flCBbjvIPW2ugaVyGklRYnIYs8tJd6', 'taufiqpop', NULL, 1, '2024-11-10 18:27:53', '2024-11-20 01:07:23', NULL);
INSERT INTO `users` VALUES (28, 'Alumni Rapma FM', NULL, 'alumnirapma', '$2y$10$cXZifcFTwWUTWhrWy8Ds4uqZCW5U4AIAReRlDjK337M0ClSm44zcC', 'taufiqpop', NULL, 1, '2024-11-10 18:28:16', '2024-11-20 01:06:52', NULL);

SET FOREIGN_KEY_CHECKS = 1;
